index,prediction
0,5
1,5
2,4
3,4
4,5
5,5
6,5
7,5
8,5
9,5
10,5
11,5
12,4
13,4
14,4
15,5
16,1
17,2
18,9
19,9
20,5
21,5
22,1
23,5
24,5
25,4
26,1
27,1
28,4
29,5
30,5
31,1
32,5
33,5
34,9
35,1
36,5
37,5
38,5
39,5
40,5
41,1
42,7
43,5
44,4
45,5
46,5
47,5
48,5
49,4
50,5
51,3
52,5
53,5
54,3
55,5
56,7
57,5
58,3
59,5
60,1
61,3
62,3
63,1
64,3
65,3
66,3
67,5
68,9
69,1
70,7
71,5
72,1
73,5
74,1
75,7
76,5
77,5
78,5
79,1
80,5
81,5
82,5
83,1
84,3
85,5
86,1
87,5
88,4
89,3
90,5
91,9
92,3
93,5
94,5
95,5
96,5
97,5
98,5
99,4
100,5
101,9
102,3
103,7
104,5
105,3
106,3
107,4
108,1
109,5
110,7
111,3
112,1
113,5
114,5
115,4
116,5
117,5
118,4
119,4
120,4
121,4
122,4
123,3
124,5
125,3
126,5
127,1
128,5
129,4
130,4
131,4
132,7
133,3
134,5
135,4
136,1
137,5
138,5
139,3
140,5
141,5
142,5
143,9
144,5
145,1
146,5
147,5
148,5
149,5
150,5
151,5
152,1
153,1
154,5
155,5
156,3
157,4
158,9
159,7
160,5
161,3
162,1
163,3
164,1
165,4
166,5
167,3
168,3
169,1
170,5
171,1
172,5
173,4
174,5
175,5
176,3
177,3
178,1
179,5
180,3
181,4
182,4
183,1
184,3
185,5
186,3
187,4
188,5
189,1
190,3
191,4
192,4
193,5
194,5
195,4
196,4
197,5
198,3
199,5
200,5
201,5
202,5
203,4
204,1
205,5
206,3
207,9
208,5
209,5
210,5
211,4
212,1
213,1
214,3
215,5
216,5
217,1
218,4
219,1
220,5
221,7
222,5
223,5
224,4
225,5
226,3
227,3
228,3
229,3
230,5
231,4
232,3
233,5
234,4
235,1
236,4
237,1
238,3
239,3
240,4
241,4
242,3
243,1
244,5
245,5
246,4
247,5
248,1
249,3
250,4
251,3
252,4
253,5
254,1
255,5
256,5
257,1
258,3
259,4
260,5
261,1
262,3
263,5
264,3
265,4
266,1
267,3
268,5
269,1
270,4
271,1
272,5
273,9
274,5
275,5
276,4
277,5
278,4
279,1
280,5
281,4
282,1
283,4
284,3
285,5
286,1
287,1
288,5
289,1
290,1
291,1
292,5
293,5
294,5
295,5
296,3
297,1
298,4
299,1
300,4
301,1
302,1
303,3
304,1
305,4
306,1
307,3
308,1
309,7
310,3
311,1
312,1
313,9
314,4
315,1
316,1
317,5
318,1
319,7
320,5
321,4
322,4
323,1
324,4
325,5
326,5
327,1
328,4
329,5
330,7
331,4
332,5
333,1
334,4
335,5
336,4
337,4
338,5
339,1
340,5
341,3
342,4
343,7
344,5
345,5
346,3
347,4
348,5
349,3
350,5
351,3
352,5
353,0
354,7
355,5
356,4
357,1
358,5
359,1
360,1
361,1
362,7
363,1
364,4
365,3
366,7
367,1
368,5
369,5
370,5
371,3
372,9
373,5
374,3
375,3
376,5
377,1
378,5
379,1
380,4
381,5
382,3
383,1
384,3
385,5
386,9
387,9
388,1
389,1
390,1
391,4
392,5
393,1
394,5
395,1
396,1
397,4
398,4
399,5
400,1
401,5
402,5
403,5
404,3
405,4
406,5
407,1
408,5
409,5
410,1
411,9
412,5
413,4
414,3
415,1
416,5
417,1
418,3
419,1
420,5
421,1
422,1
423,1
424,1
425,4
426,4
427,7
428,4
429,1
430,5
431,3
432,7
433,1
434,1
435,5
436,4
437,1
438,5
439,3
440,3
441,9
442,4
443,3
444,1
445,5
446,1
447,1
448,5
449,5
450,1
451,3
452,5
453,4
454,7
455,1
456,1
457,4
458,5
459,7
460,5
461,4
462,3
463,4
464,3
465,1
466,5
467,1
468,3
469,4
470,1
471,5
472,1
473,4
474,1
475,5
476,1
477,5
478,1
479,1
480,3
481,4
482,3
483,5
484,4
485,3
486,4
487,5
488,1
489,1
490,1
491,3
492,7
493,4
494,5
495,5
496,4
497,1
498,4
499,1
500,4
501,3
502,3
503,5
504,4
505,5
506,1
507,3
508,5
509,3
510,5
511,5
512,3
513,5
514,1
515,1
516,5
517,5
518,4
519,1
520,1
521,1
522,5
523,5
524,5
525,5
526,3
527,1
528,3
529,1
530,5
531,3
532,5
533,1
534,1
535,5
536,3
537,5
538,5
539,5
540,5
541,1
542,3
543,3
544,5
545,4
546,7
547,3
548,3
549,1
550,4
551,5
552,5
553,1
554,3
555,1
556,5
557,5
558,1
559,5
560,5
561,4
562,5
563,4
564,3
565,5
566,1
567,1
568,1
569,1
570,4
571,5
572,5
573,7
574,3
575,5
576,1
577,4
578,4
579,5
580,7
581,5
582,4
583,4
584,5
585,1
586,4
587,5
588,5
589,1
590,9
591,1
592,1
593,4
594,4
595,1
596,5
597,1
598,4
599,4
600,7
601,5
602,4
603,5
604,1
605,7
606,1
607,7
608,1
609,5
610,1
611,3
612,1
613,4
614,1
615,5
616,5
617,4
618,5
619,7
620,4
621,1
622,4
623,5
624,4
625,4
626,1
627,1
628,5
629,3
630,5
631,1
632,1
633,4
634,5
635,5
636,1
637,4
638,1
639,0
640,4
641,5
642,1
643,1
644,5
645,1
646,5
647,1
648,4
649,1
650,1
651,5
652,1
653,4
654,5
655,3
656,4
657,4
658,5
659,3
660,5
661,5
662,1
663,1
664,1
665,1
666,5
667,1
668,5
669,4
670,4
671,1
672,3
673,5
674,1
675,7
676,3
677,4
678,1
679,7
680,3
681,9
682,1
683,3
684,3
685,1
686,4
687,1
688,1
689,5
690,5
691,1
692,1
693,1
694,1
695,1
696,0
697,1
698,3
699,1
700,4
701,1
702,1
703,9
704,3
705,1
706,4
707,1
708,4
709,7
710,7
711,1
712,1
713,5
714,1
715,1
716,7
717,0
718,5
719,4
720,3
721,1
722,4
723,3
724,4
725,1
726,1
727,7
728,7
729,7
730,1
731,1
732,4
733,7
734,5
735,9
736,1
737,4
738,3
739,4
740,5
741,4
742,5
743,4
744,5
745,5
746,1
747,5
748,5
749,5
750,4
751,5
752,7
753,5
754,5
755,3
756,5
757,5
758,1
759,4
760,5
761,1
762,1
763,5
764,4
765,7
766,1
767,5
768,4
769,5
770,3
771,5
772,4
773,5
774,1
775,7
776,5
777,5
778,4
779,5
780,1
781,5
782,1
783,5
784,4
785,4
786,4
787,4
788,1
789,5
790,1
791,5
792,3
793,5
794,5
795,4
796,5
797,3
798,1
799,1
800,5
801,5
802,3
803,3
804,3
805,1
806,5
807,1
808,4
809,5
810,5
811,5
812,1
813,1
814,1
815,5
816,5
817,4
818,4
819,4
820,1
821,1
822,3
823,5
824,4
825,5
826,3
827,5
828,5
829,5
830,5
831,7
832,1
833,5
834,5
835,4
836,7
837,5
838,5
839,4
840,4
841,5
842,3
843,3
844,5
845,1
846,4
847,5
848,7
849,1
850,5
851,5
852,5
853,1
854,5
855,5
856,5
857,1
858,4
859,5
860,4
861,3
862,3
863,3
864,4
865,1
866,4
867,4
868,1
869,5
870,5
871,1
872,1
873,1
874,5
875,4
876,3
877,0
878,3
879,1
880,5
881,5
882,4
883,4
884,3
885,4
886,3
887,1
888,3
889,3
890,3
891,1
892,1
893,5
894,5
895,4
896,4
897,3
898,1
899,1
900,5
901,5
902,3
903,1
904,5
905,3
906,3
907,3
908,4
909,1
910,1
911,5
912,4
913,4
914,5
915,5
916,4
917,1
918,1
919,1
920,5
921,5
922,5
923,5
924,1
925,1
926,1
927,5
928,5
929,5
930,4
931,4
932,1
933,5
934,5
935,3
936,3
937,4
938,0
939,4
940,4
941,4
942,4
943,1
944,5
945,4
946,5
947,5
948,5
949,1
950,5
951,1
952,4
953,4
954,5
955,7
956,4
957,4
958,0
959,5
960,1
961,7
962,5
963,4
964,4
965,1
966,1
967,4
968,4
969,1
970,1
971,5
972,5
973,4
974,1
975,1
976,4
977,7
978,7
979,4
980,5
981,4
982,1
983,1
984,1
985,5
986,5
987,4
988,4
989,5
990,4
991,4
992,1
993,1
994,1
995,4
996,5
997,5
998,1
999,3
1000,7
1001,1
1002,1
1003,1
1004,5
1005,5
1006,5
1007,5
1008,7
1009,7
1010,5
1011,5
1012,1
1013,5
1014,5
1015,1
1016,5
1017,4
1018,1
1019,5
1020,5
1021,4
1022,0
1023,7
1024,4
1025,5
1026,5
1027,1
1028,4
1029,5
1030,5
1031,5
1032,5
1033,1
1034,5
1035,1
1036,5
1037,1
1038,1
1039,1
1040,5
1041,1
1042,1
1043,4
1044,5
1045,4
1046,4
1047,5
1048,1
1049,4
1050,3
1051,5
1052,5
1053,4
1054,1
1055,1
1056,1
1057,9
1058,4
1059,5
1060,5
1061,7
1062,7
1063,4
1064,5
1065,7
1066,7
1067,1
1068,1
1069,1
1070,7
1071,4
1072,5
1073,4
1074,1
1075,5
1076,1
1077,5
1078,5
1079,5
1080,1
1081,5
1082,1
1083,5
1084,1
1085,5
1086,5
1087,5
1088,1
1089,1
1090,5
1091,5
1092,7
1093,9
1094,5
1095,9
1096,7
1097,7
1098,7
1099,5
1100,5
1101,1
1102,4
1103,4
1104,3
1105,1
1106,5
1107,1
1108,1
1109,4
1110,4
1111,7
1112,4
1113,3
1114,7
1115,5
1116,4
1117,5
1118,1
1119,5
1120,1
1121,5
1122,5
1123,5
1124,1
1125,5
1126,5
1127,4
1128,5
1129,5
1130,4
1131,1
1132,3
1133,1
1134,5
1135,5
1136,1
1137,1
1138,4
1139,5
1140,4
1141,4
1142,1
1143,5
1144,1
1145,1
1146,4
1147,5
1148,5
1149,4
1150,5
1151,1
1152,4
1153,5
1154,5
1155,1
1156,1
1157,4
1158,1
1159,5
1160,1
1161,1
1162,1
1163,4
1164,4
1165,1
1166,1
1167,1
1168,4
1169,5
1170,4
1171,5
1172,7
1173,5
1174,5
1175,4
1176,5
1177,5
1178,5
1179,1
1180,5
1181,5
1182,5
1183,1
1184,5
1185,4
1186,3
1187,4
1188,5
1189,1
1190,5
1191,5
1192,5
1193,5
1194,4
1195,5
1196,1
1197,5
1198,1
1199,1
1200,1
1201,1
1202,1
1203,1
1204,1
1205,1
1206,1
1207,1
1208,1
1209,1
1210,1
1211,1
1212,1
1213,1
1214,5
1215,1
1216,5
1217,5
1218,1
1219,5
1220,4
1221,1
1222,1
1223,5
1224,1
1225,1
1226,1
1227,1
1228,7
1229,4
1230,1
1231,1
1232,1
1233,1
1234,5
1235,5
1236,5
1237,1
1238,1
1239,1
1240,5
1241,1
1242,1
1243,1
1244,3
1245,3
1246,1
1247,7
1248,4
1249,5
1250,1
1251,5
1252,5
1253,5
1254,5
1255,4
1256,1
1257,7
1258,5
1259,5
1260,4
1261,1
1262,1
1263,5
1264,5
1265,5
1266,5
1267,5
1268,5
1269,5
1270,1
1271,5
1272,7
1273,4
1274,1
1275,5
1276,5
1277,5
1278,1
1279,4
1280,1
1281,5
1282,1
1283,1
1284,1
1285,1
1286,5
1287,4
1288,1
1289,5
1290,5
1291,5
1292,5
1293,5
1294,5
1295,1
1296,4
1297,1
1298,1
1299,5
1300,3
1301,5
1302,1
1303,1
1304,1
1305,1
1306,3
1307,4
1308,5
1309,5
1310,5
1311,5
1312,5
1313,7
1314,5
1315,4
1316,4
1317,1
1318,1
1319,1
1320,1
1321,0
1322,4
1323,5
1324,5
1325,5
1326,9
1327,5
1328,1
1329,7
1330,5
1331,5
1332,5
1333,1
1334,7
1335,1
1336,5
1337,5
1338,5
1339,3
1340,1
1341,5
1342,5
1343,7
1344,5
1345,1
1346,1
1347,5
1348,4
1349,1
1350,5
1351,4
1352,3
1353,5
1354,1
1355,5
1356,5
1357,3
1358,1
1359,0
1360,5
1361,3
1362,5
1363,5
1364,4
1365,5
1366,5
1367,5
1368,5
1369,4
1370,5
1371,5
1372,5
1373,4
1374,3
1375,5
1376,5
1377,1
1378,1
1379,1
1380,1
1381,4
1382,4
1383,1
1384,1
1385,5
1386,5
1387,4
1388,5
1389,4
1390,3
1391,3
1392,4
1393,5
1394,4
1395,5
1396,4
1397,5
1398,5
1399,5
1400,7
1401,5
1402,4
1403,5
1404,3
1405,5
1406,5
1407,5
1408,4
1409,5
1410,5
1411,5
1412,1
1413,5
1414,4
1415,5
1416,5
1417,5
1418,4
1419,7
1420,5
1421,5
1422,5
1423,4
1424,4
1425,4
1426,5
1427,4
1428,1
1429,1
1430,5
1431,3
1432,1
1433,5
1434,5
1435,5
1436,3
1437,5
1438,1
1439,5
1440,1
1441,3
1442,1
1443,3
1444,5
1445,5
1446,1
1447,4
1448,4
1449,1
1450,5
1451,4
1452,5
1453,5
1454,3
1455,1
1456,5
1457,5
1458,4
1459,5
1460,1
1461,0
1462,5
1463,5
1464,5
1465,5
1466,4
1467,5
1468,1
1469,5
1470,1
1471,1
1472,1
1473,5
1474,3
1475,5
1476,5
1477,5
1478,5
1479,5
1480,5
1481,4
1482,0
1483,4
1484,5
1485,5
1486,5
1487,5
1488,5
1489,5
1490,4
1491,5
1492,3
1493,4
1494,4
1495,1
1496,5
1497,5
1498,5
1499,4
1500,1
1501,5
1502,5
1503,5
1504,1
1505,4
1506,7
1507,5
1508,5
1509,4
1510,1
1511,1
1512,5
1513,5
1514,5
1515,1
1516,1
1517,5
1518,4
1519,5
1520,5
1521,5
1522,5
1523,5
1524,1
1525,7
1526,4
1527,5
1528,5
1529,4
1530,4
1531,1
1532,5
1533,5
1534,9
1535,5
1536,1
1537,9
1538,5
1539,5
1540,1
1541,1
1542,9
1543,3
1544,1
1545,1
1546,5
1547,1
1548,1
1549,1
1550,4
1551,5
1552,4
1553,9
1554,1
1555,1
1556,5
1557,9
1558,1
1559,5
1560,1
1561,1
1562,1
1563,4
1564,5
1565,1
1566,4
1567,5
1568,0
1569,1
1570,1
1571,5
1572,5
1573,5
1574,4
1575,5
1576,9
1577,1
1578,5
1579,1
1580,7
1581,4
1582,1
1583,1
1584,1
1585,5
1586,1
1587,1
1588,5
1589,5
1590,9
1591,1
1592,4
1593,5
1594,4
1595,5
1596,5
1597,5
1598,5
1599,5
1600,1
1601,0
1602,1
1603,0
1604,5
1605,5
1606,1
1607,5
1608,5
1609,1
1610,5
1611,1
1612,3
1613,3
1614,1
1615,3
1616,1
1617,9
1618,5
1619,5
1620,1
1621,3
1622,5
1623,4
1624,4
1625,4
1626,4
1627,5
1628,7
1629,9
1630,1
1631,4
1632,5
1633,5
1634,4
1635,1
1636,1
1637,5
1638,1
1639,4
1640,4
1641,0
1642,9
1643,5
1644,9
1645,5
1646,1
1647,2
1648,2
1649,1
1650,4
1651,5
1652,5
1653,1
1654,1
1655,5
1656,5
1657,1
1658,5
1659,1
1660,5
1661,3
1662,5
1663,5
1664,1
1665,3
1666,3
1667,5
1668,1
1669,1
1670,5
1671,1
1672,5
1673,5
1674,5
1675,5
1676,9
1677,1
1678,4
1679,1
1680,4
1681,1
1682,5
1683,5
1684,1
1685,5
1686,1
1687,5
1688,5
1689,1
1690,5
1691,1
1692,1
1693,1
1694,4
1695,5
1696,4
1697,5
1698,5
1699,1
1700,5
1701,5
1702,5
1703,3
1704,1
1705,5
1706,1
1707,9
1708,5
1709,1
1710,4
1711,5
1712,1
1713,1
1714,5
1715,5
1716,4
1717,4
1718,1
1719,4
1720,1
1721,1
1722,3
1723,4
1724,1
1725,5
1726,4
1727,7
1728,5
1729,1
1730,4
1731,4
1732,4
1733,1
1734,1
1735,1
1736,1
1737,5
1738,3
1739,5
1740,5
1741,5
1742,1
1743,1
1744,9
1745,5
1746,1
1747,5
1748,4
1749,5
1750,5
1751,5
1752,1
1753,4
1754,4
1755,5
1756,5
1757,5
1758,4
1759,3
1760,4
1761,1
1762,1
1763,1
1764,1
1765,1
1766,4
1767,1
1768,5
1769,1
1770,1
1771,5
1772,1
1773,1
1774,1
1775,1
1776,1
1777,1
1778,5
1779,5
1780,7
1781,1
1782,5
1783,1
1784,5
1785,5
1786,5
1787,4
1788,5
1789,5
1790,1
1791,1
1792,5
1793,4
1794,5
1795,4
1796,4
1797,4
1798,1
1799,4
1800,1
1801,4
1802,1
1803,1
1804,5
1805,5
1806,5
1807,3
1808,4
1809,1
1810,5
1811,1
1812,5
1813,5
1814,5
1815,1
1816,5
1817,1
1818,5
1819,1
1820,1
1821,1
1822,1
1823,5
1824,4
1825,4
1826,5
1827,5
1828,1
1829,5
1830,9
1831,1
1832,9
1833,4
1834,4
1835,1
1836,5
1837,5
1838,5
1839,5
1840,1
1841,7
1842,5
1843,5
1844,5
1845,1
1846,1
1847,5
1848,1
1849,1
1850,1
1851,1
1852,5
1853,1
1854,5
1855,1
1856,5
1857,1
1858,1
1859,4
1860,1
1861,5
1862,5
1863,1
1864,3
1865,1
1866,5
1867,4
1868,5
1869,7
1870,4
1871,4
1872,1
1873,3
1874,1
1875,1
1876,1
1877,5
1878,4
1879,5
1880,9
1881,5
1882,5
1883,5
1884,1
1885,5
1886,1
1887,5
1888,1
1889,5
1890,1
1891,1
1892,4
1893,5
1894,5
1895,1
1896,5
1897,1
1898,1
1899,1
1900,5
1901,5
1902,1
1903,1
1904,1
1905,3
1906,1
1907,1
1908,5
1909,1
1910,5
1911,5
1912,1
1913,1
1914,5
1915,5
1916,1
1917,1
1918,3
1919,3
1920,1
1921,3
1922,5
1923,9
1924,1
1925,5
1926,1
1927,5
1928,5
1929,5
1930,1
1931,5
1932,5
1933,5
1934,1
1935,5
1936,7
1937,1
1938,1
1939,5
1940,9
1941,5
1942,1
1943,1
1944,1
1945,5
1946,1
1947,1
1948,4
1949,5
1950,7
1951,5
1952,1
1953,4
1954,1
1955,9
1956,1
1957,5
1958,5
1959,1
1960,1
1961,1
1962,1
1963,5
1964,9
1965,5
1966,5
1967,1
1968,1
1969,1
1970,1
1971,5
1972,1
1973,5
1974,1
1975,4
1976,1
1977,1
1978,9
1979,1
1980,5
1981,1
1982,1
1983,1
1984,5
1985,1
1986,4
1987,1
1988,1
1989,1
1990,1
1991,1
1992,1
1993,1
1994,1
1995,1
1996,1
1997,1
1998,5
1999,1
2000,4
2001,5
2002,1
2003,4
2004,5
2005,4
2006,5
2007,1
2008,1
2009,5
2010,1
2011,1
2012,4
2013,1
2014,5
2015,5
2016,1
2017,1
2018,7
2019,3
2020,5
2021,1
2022,1
2023,1
2024,1
2025,5
2026,7
2027,4
2028,3
2029,5
2030,1
2031,5
2032,1
2033,1
2034,1
2035,4
2036,5
2037,1
2038,1
2039,1
2040,1
2041,1
2042,1
2043,1
2044,5
2045,1
2046,1
2047,5
2048,1
2049,1
2050,1
2051,7
2052,4
2053,1
2054,9
2055,1
2056,5
2057,5
2058,4
2059,1
2060,1
2061,1
2062,9
2063,1
2064,1
2065,9
2066,4
2067,5
2068,9
2069,5
2070,1
2071,1
2072,5
2073,5
2074,1
2075,1
2076,3
2077,5
2078,1
2079,1
2080,1
2081,1
2082,5
2083,1
2084,1
2085,5
2086,1
2087,1
2088,5
2089,1
2090,5
2091,1
2092,4
2093,4
2094,5
2095,1
2096,1
2097,4
2098,1
2099,5
2100,1
2101,9
2102,4
2103,1
2104,1
2105,1
2106,1
2107,3
2108,1
2109,5
2110,1
2111,4
2112,5
2113,5
2114,1
2115,4
2116,1
2117,4
2118,1
2119,1
2120,1
2121,1
2122,4
2123,1
2124,5
2125,4
2126,1
2127,1
2128,5
2129,1
2130,1
2131,1
2132,1
2133,1
2134,5
2135,5
2136,1
2137,1
2138,1
2139,1
2140,1
2141,1
2142,1
2143,1
2144,1
2145,5
2146,1
2147,1
2148,1
2149,1
2150,1
2151,1
2152,1
2153,1
2154,1
2155,1
2156,1
2157,1
2158,4
2159,1
2160,5
2161,5
2162,5
2163,1
2164,7
2165,5
2166,3
2167,1
2168,1
2169,1
2170,9
2171,5
2172,5
2173,1
2174,4
2175,1
2176,5
2177,1
2178,5
2179,5
2180,2
2181,1
2182,5
2183,1
2184,5
2185,3
2186,1
2187,1
2188,1
2189,1
2190,1
2191,1
2192,5
2193,1
2194,1
2195,9
2196,1
2197,1
2198,4
2199,5
2200,1
2201,1
2202,1
2203,4
2204,5
2205,4
2206,1
2207,1
2208,5
2209,1
2210,3
2211,5
2212,5
2213,4
2214,1
2215,5
2216,5
2217,5
2218,1
2219,4
2220,4
2221,5
2222,1
2223,1
2224,5
2225,7
2226,5
2227,1
2228,3
2229,5
2230,3
2231,1
2232,1
2233,9
2234,5
2235,1
2236,1
2237,3
2238,5
2239,3
2240,3
2241,3
2242,7
2243,5
2244,1
2245,5
2246,1
2247,5
2248,1
2249,1
2250,1
2251,1
2252,5
2253,3
2254,4
2255,5
2256,5
2257,7
2258,5
2259,7
2260,5
2261,1
2262,5
2263,5
2264,9
2265,1
2266,4
2267,5
2268,1
2269,5
2270,5
2271,9
2272,4
2273,5
2274,1
2275,5
2276,5
2277,1
2278,1
2279,1
2280,5
2281,4
2282,9
2283,5
2284,7
2285,5
2286,1
2287,1
2288,1
2289,5
2290,9
2291,3
2292,7
2293,5
2294,1
2295,1
2296,1
2297,7
2298,1
2299,4
2300,1
2301,4
2302,7
2303,4
2304,5
2305,5
2306,1
2307,3
2308,5
2309,3
2310,3
2311,5
2312,5
2313,7
2314,5
2315,5
2316,1
2317,5
2318,5
2319,1
2320,5
2321,1
2322,1
2323,1
2324,1
2325,1
2326,1
2327,1
2328,5
2329,4
2330,5
2331,5
2332,1
2333,1
2334,3
2335,1
2336,7
2337,3
2338,1
2339,7
2340,1
2341,1
2342,3
2343,4
2344,5
2345,5
2346,1
2347,5
2348,5
2349,5
2350,7
2351,5
2352,5
2353,5
2354,4
2355,7
2356,5
2357,3
2358,4
2359,5
2360,5
2361,1
2362,7
2363,4
2364,1
2365,3
2366,5
2367,5
2368,3
2369,1
2370,9
2371,1
2372,1
2373,1
2374,1
2375,5
2376,1
2377,7
2378,1
2379,3
2380,3
2381,3
2382,3
2383,4
2384,4
2385,1
2386,5
2387,3
2388,9
2389,7
2390,4
2391,5
2392,5
2393,4
2394,5
2395,5
2396,4
2397,5
2398,5
2399,4
2400,5
2401,3
2402,4
2403,4
2404,5
2405,5
2406,5
2407,5
2408,5
2409,5
2410,5
2411,5
2412,4
2413,7
2414,5
2415,1
2416,5
2417,7
2418,5
2419,5
2420,4
2421,5
2422,5
2423,5
2424,5
2425,5
2426,4
2427,5
2428,5
2429,4
2430,5
2431,4
2432,5
2433,5
2434,5
2435,5
2436,4
2437,5
2438,4
2439,1
2440,4
2441,4
2442,4
2443,4
2444,5
2445,5
2446,5
2447,5
2448,5
2449,7
2450,1
2451,5
2452,5
2453,7
2454,4
2455,4
2456,5
2457,5
2458,4
2459,5
2460,5
2461,5
2462,3
2463,5
2464,5
2465,4
2466,4
2467,4
2468,4
2469,4
2470,7
2471,5
2472,5
2473,5
2474,4
2475,5
2476,4
2477,5
2478,7
2479,1
2480,5
2481,3
2482,4
2483,4
2484,5
2485,5
2486,5
2487,5
2488,5
2489,5
2490,7
2491,4
2492,7
2493,5
2494,7
2495,4
2496,4
2497,5
2498,5
2499,3
2500,5
2501,5
2502,4
2503,7
2504,4
2505,1
2506,5
2507,5
2508,4
2509,4
2510,4
2511,5
2512,4
2513,5
2514,5
2515,5
2516,5
2517,5
2518,5
2519,5
2520,5
2521,7
2522,7
2523,7
2524,1
2525,4
2526,4
2527,5
2528,5
2529,4
2530,5
2531,5
2532,5
2533,4
2534,3
2535,5
2536,1
2537,5
2538,7
2539,5
2540,5
2541,4
2542,4
2543,5
2544,7
2545,4
2546,5
2547,5
2548,4
2549,4
2550,5
2551,4
2552,4
2553,4
2554,5
2555,4
2556,1
2557,1
2558,5
2559,5
2560,5
2561,5
2562,5
2563,5
2564,5
2565,7
2566,7
2567,5
2568,5
2569,5
2570,5
2571,1
2572,4
2573,5
2574,4
2575,4
2576,4
2577,4
2578,5
2579,5
2580,1
2581,4
2582,5
2583,7
2584,3
2585,5
2586,1
2587,2
2588,5
2589,5
2590,5
2591,5
2592,4
2593,3
2594,1
2595,1
2596,5
2597,1
2598,5
2599,3
2600,2
2601,5
2602,4
2603,4
2604,5
2605,3
2606,5
2607,3
2608,1
2609,5
2610,1
2611,1
2612,4
2613,0
2614,1
2615,5
2616,3
2617,1
2618,5
2619,1
2620,5
2621,5
2622,5
2623,3
2624,3
2625,3
2626,3
2627,1
2628,1
2629,5
2630,5
2631,5
2632,7
2633,1
2634,1
2635,5
2636,4
2637,1
2638,1
2639,1
2640,2
2641,3
2642,1
2643,5
2644,5
2645,1
2646,3
2647,4
2648,3
2649,1
2650,5
2651,5
2652,4
2653,1
2654,5
2655,3
2656,5
2657,1
2658,1
2659,1
2660,1
2661,7
2662,4
2663,1
2664,1
2665,4
2666,5
2667,5
2668,3
2669,3
2670,1
2671,3
2672,4
2673,1
2674,4
2675,4
2676,1
2677,4
2678,5
2679,1
2680,1
2681,1
2682,1
2683,5
2684,1
2685,5
2686,5
2687,1
2688,1
2689,9
2690,1
2691,5
2692,1
2693,1
2694,1
2695,1
2696,3
2697,5
2698,1
2699,5
2700,3
2701,4
2702,5
2703,4
2704,4
2705,1
2706,5
2707,4
2708,1
2709,9
2710,4
2711,3
2712,3
2713,7
2714,5
2715,5
2716,5
2717,7
2718,5
2719,5
2720,4
2721,4
2722,7
2723,1
2724,3
2725,5
2726,5
2727,5
2728,1
2729,1
2730,7
2731,5
2732,4
2733,1
2734,1
2735,5
2736,1
2737,1
2738,4
2739,1
2740,1
2741,5
2742,4
2743,9
2744,5
2745,3
2746,4
2747,5
2748,3
2749,5
2750,5
2751,4
2752,1
2753,5
2754,1
2755,4
2756,3
2757,2
2758,1
2759,1
2760,1
2761,4
2762,5
2763,5
2764,5
2765,4
2766,5
2767,5
2768,5
2769,5
2770,1
2771,4
2772,5
2773,5
2774,5
2775,5
2776,1
2777,9
2778,5
2779,5
2780,4
2781,9
2782,4
2783,5
2784,5
2785,1
2786,5
2787,1
2788,5
2789,1
2790,1
2791,5
2792,5
2793,5
2794,1
2795,4
2796,5
2797,5
2798,5
2799,5
2800,5
2801,5
2802,5
2803,5
2804,7
2805,5
2806,5
2807,7
2808,5
2809,4
2810,9
2811,4
2812,5
2813,4
2814,4
2815,5
2816,5
2817,5
2818,7
2819,5
2820,7
2821,5
2822,4
2823,4
2824,5
2825,7
2826,9
2827,5
2828,5
2829,5
2830,4
2831,4
2832,7
2833,5
2834,4
2835,5
2836,5
2837,5
2838,4
2839,5
2840,4
2841,5
2842,4
2843,5
2844,5
2845,5
2846,1
2847,5
2848,5
2849,4
2850,5
2851,4
2852,4
2853,4
2854,5
2855,4
2856,5
2857,5
2858,4
2859,5
2860,7
2861,4
2862,5
2863,5
2864,5
2865,5
2866,4
2867,4
2868,1
2869,5
2870,9
2871,1
2872,5
2873,4
2874,7
2875,4
2876,1
2877,7
2878,4
2879,5
2880,5
2881,1
2882,4
2883,5
2884,1
2885,5
2886,4
2887,7
2888,5
2889,4
2890,5
2891,7
2892,7
2893,4
2894,4
2895,1
2896,5
2897,1
2898,9
2899,1
2900,5
2901,5
2902,4
2903,4
2904,5
2905,5
2906,5
2907,1
2908,9
2909,1
2910,5
2911,4
2912,5
2913,1
2914,4
2915,1
2916,5
2917,4
2918,5
2919,4
2920,5
2921,4
2922,4
2923,5
2924,7
2925,4
2926,5
2927,4
2928,4
2929,1
2930,4
2931,4
2932,5
2933,7
2934,5
2935,5
2936,5
2937,4
2938,5
2939,4
2940,1
2941,4
2942,5
2943,4
2944,5
2945,4
2946,4
2947,5
2948,4
2949,7
2950,4
2951,4
2952,5
2953,7
2954,1
2955,4
2956,5
2957,4
2958,4
2959,5
2960,5
2961,2
2962,4
2963,4
2964,5
2965,7
2966,1
2967,5
2968,5
2969,5
2970,5
2971,7
2972,1
2973,7
2974,4
2975,9
2976,5
2977,5
2978,5
2979,4
2980,4
2981,5
2982,5
2983,5
2984,7
2985,1
2986,4
2987,4
2988,4
2989,5
2990,4
2991,5
2992,5
2993,2
2994,5
2995,5
2996,5
2997,5
2998,4
2999,3
3000,4
3001,4
3002,7
3003,3
3004,7
3005,5
3006,4
3007,4
3008,4
3009,4
3010,5
3011,4
3012,5
3013,5
3014,1
3015,1
3016,4
3017,4
3018,1
3019,4
3020,4
3021,5
3022,4
3023,9
3024,4
3025,4
3026,4
3027,5
3028,5
3029,4
3030,5
3031,5
3032,4
3033,5
3034,5
3035,4
3036,5
3037,5
3038,4
3039,4
3040,4
3041,5
3042,5
3043,5
3044,4
3045,5
3046,4
3047,4
3048,5
3049,4
3050,4
3051,5
3052,4
3053,5
3054,5
3055,3
3056,5
3057,5
3058,9
3059,1
3060,5
3061,5
3062,5
3063,1
3064,5
3065,4
3066,5
3067,5
3068,4
3069,3
3070,3
3071,5
3072,4
3073,5
3074,5
3075,5
3076,5
3077,4
3078,7
3079,4
3080,5
3081,5
3082,4
3083,4
3084,5
3085,4
3086,5
3087,4
3088,5
3089,5
3090,4
3091,5
3092,4
3093,4
3094,4
3095,4
3096,5
3097,4
3098,5
3099,7
3100,5
3101,5
3102,4
3103,4
3104,9
3105,4
3106,1
3107,4
3108,1
3109,4
3110,5
3111,1
3112,4
3113,5
3114,9
3115,1
3116,4
3117,4
3118,4
3119,1
3120,1
3121,1
3122,5
3123,1
3124,1
3125,1
3126,1
3127,1
3128,1
3129,1
3130,1
3131,7
3132,1
3133,1
3134,1
3135,1
3136,1
3137,1
3138,1
3139,4
3140,1
3141,1
3142,1
3143,1
3144,1
3145,3
3146,5
3147,1
3148,1
3149,1
3150,1
3151,1
3152,1
3153,1
3154,1
3155,1
3156,1
3157,1
3158,1
3159,1
3160,1
3161,1
3162,1
3163,1
3164,1
3165,1
3166,1
3167,1
3168,1
3169,5
3170,1
3171,1
3172,1
3173,1
3174,1
3175,1
3176,1
3177,1
3178,5
3179,1
3180,1
3181,1
3182,1
3183,1
3184,4
3185,1
3186,4
3187,2
3188,1
3189,5
3190,4
3191,4
3192,1
3193,1
3194,1
3195,1
3196,1
3197,1
3198,4
3199,1
3200,1
3201,1
3202,4
3203,1
3204,1
3205,1
3206,5
3207,1
3208,1
3209,5
3210,7
3211,5
3212,1
3213,1
3214,5
3215,1
3216,1
3217,1
3218,1
3219,1
3220,1
3221,5
3222,1
3223,1
3224,1
3225,1
3226,1
3227,5
3228,1
3229,1
3230,1
3231,5
3232,1
3233,1
3234,1
3235,5
3236,1
3237,1
3238,1
3239,1
3240,1
3241,1
3242,1
3243,1
3244,1
3245,1
3246,1
3247,1
3248,1
3249,5
3250,5
3251,5
3252,1
3253,1
3254,1
3255,1
3256,1
3257,1
3258,1
3259,5
3260,4
3261,1
3262,1
3263,1
3264,1
3265,1
3266,1
3267,1
3268,1
3269,1
3270,1
3271,4
3272,1
3273,1
3274,4
3275,1
3276,1
3277,1
3278,1
3279,1
3280,1
3281,5
3282,1
3283,1
3284,1
3285,1
3286,1
3287,5
3288,1
3289,1
3290,0
3291,1
3292,4
3293,1
3294,1
3295,1
3296,5
3297,5
3298,1
3299,1
3300,1
3301,1
3302,1
3303,1
3304,1
3305,1
3306,1
3307,1
3308,5
3309,1
3310,1
3311,5
3312,4
3313,1
3314,1
3315,1
3316,1
3317,1
3318,1
3319,1
3320,1
3321,1
3322,1
3323,1
3324,0
3325,1
3326,0
3327,1
3328,1
3329,1
3330,1
3331,1
3332,1
3333,1
3334,5
3335,1
3336,1
3337,1
3338,1
3339,1
3340,1
3341,1
3342,1
3343,1
3344,1
3345,1
3346,1
3347,1
3348,1
3349,1
3350,1
3351,1
3352,1
3353,1
3354,1
3355,1
3356,1
3357,1
3358,1
3359,1
3360,1
3361,1
3362,7
3363,1
3364,4
3365,4
3366,1
3367,1
3368,4
3369,1
3370,5
3371,1
3372,1
3373,1
3374,1
3375,1
3376,5
3377,1
3378,1
3379,1
3380,4
3381,1
3382,1
3383,1
3384,1
3385,1
3386,1
3387,1
3388,1
3389,5
3390,1
3391,5
3392,1
3393,1
3394,4
3395,1
3396,1
3397,1
3398,1
3399,4
3400,5
3401,1
3402,1
3403,1
3404,1
3405,4
3406,1
3407,1
3408,1
3409,5
3410,1
3411,1
3412,1
3413,1
3414,1
3415,1
3416,1
3417,4
3418,5
3419,1
3420,4
3421,1
3422,5
3423,4
3424,5
3425,5
3426,1
3427,1
3428,1
3429,1
3430,1
3431,1
3432,1
3433,1
3434,4
3435,1
3436,1
3437,4
3438,1
3439,1
3440,1
3441,1
3442,1
3443,5
3444,5
3445,1
3446,1
3447,1
3448,1
3449,1
3450,1
3451,5
3452,1
3453,1
3454,5
3455,1
3456,1
3457,1
3458,1
3459,1
3460,1
3461,4
3462,1
3463,1
3464,5
3465,4
3466,4
3467,5
3468,1
3469,4
3470,1
3471,1
3472,1
3473,5
3474,4
3475,1
3476,5
3477,1
3478,1
3479,1
3480,1
3481,1
3482,1
3483,1
3484,1
3485,1
3486,1
3487,1
3488,5
3489,1
3490,1
3491,1
3492,1
3493,1
3494,5
3495,5
3496,1
3497,1
3498,5
3499,5
3500,1
3501,1
3502,1
3503,1
3504,1
3505,1
3506,1
3507,1
3508,1
3509,4
3510,1
3511,1
3512,1
3513,1
3514,1
3515,1
3516,1
3517,1
3518,1
3519,5
3520,5
3521,4
3522,7
3523,1
3524,0
3525,1
3526,4
3527,1
3528,1
3529,5
3530,9
3531,7
3532,5
3533,5
3534,9
3535,4
3536,1
3537,5
3538,5
3539,7
3540,1
3541,1
3542,7
3543,1
3544,1
3545,1
3546,9
3547,7
3548,5
3549,1
3550,5
3551,1
3552,5
3553,5
3554,1
3555,5
3556,5
3557,3
3558,5
3559,1
3560,1
3561,1
3562,5
3563,5
3564,1
3565,4
3566,5
3567,1
3568,1
3569,4
3570,9
3571,5
3572,1
3573,1
3574,7
3575,5
3576,1
3577,1
3578,5
3579,5
3580,4
3581,5
3582,1
3583,5
3584,0
3585,1
3586,1
3587,4
3588,1
3589,1
3590,1
3591,1
3592,5
3593,1
3594,5
3595,1
3596,1
3597,1
3598,1
3599,3
3600,1
3601,5
3602,5
3603,4
3604,1
3605,5
3606,5
3607,5
3608,1
3609,5
3610,9
3611,5
3612,4
3613,1
3614,4
3615,4
3616,9
3617,5
3618,1
3619,5
3620,5
3621,4
3622,5
3623,5
3624,9
3625,5
3626,1
3627,4
3628,5
3629,1
3630,5
3631,4
3632,1
3633,4
3634,4
3635,5
3636,5
3637,1
3638,1
3639,5
3640,1
3641,1
3642,1
3643,5
3644,3
3645,9
3646,5
3647,5
3648,1
3649,9
3650,5
3651,1
3652,5
3653,1
3654,5
3655,5
3656,4
3657,4
3658,5
3659,1
3660,1
3661,1
3662,7
3663,1
3664,1
3665,1
3666,4
3667,0
3668,9
3669,5
3670,5
3671,1
3672,5
3673,2
3674,5
3675,9
3676,9
3677,4
3678,5
3679,1
3680,1
3681,1
3682,1
3683,1
3684,1
3685,1
3686,1
3687,5
3688,0
3689,1
3690,1
3691,5
3692,1
3693,5
3694,5
3695,5
3696,9
3697,5
3698,0
3699,5
3700,5
3701,5
3702,5
3703,4
3704,7
3705,5
3706,1
3707,5
3708,1
3709,0
3710,5
3711,3
3712,4
3713,5
3714,1
3715,4
3716,1
3717,3
3718,5
3719,5
3720,5
3721,7
3722,5
3723,5
3724,5
3725,5
3726,7
3727,5
3728,4
3729,1
3730,5
3731,4
3732,2
3733,5
3734,1
3735,7
3736,7
3737,7
3738,1
3739,5
3740,5
3741,4
3742,4
3743,4
3744,1
3745,5
3746,5
3747,0
3748,9
3749,7
3750,1
3751,7
3752,5
3753,9
3754,5
3755,4
3756,4
3757,0
3758,0
3759,5
3760,5
3761,9
3762,4
3763,9
3764,3
3765,4
3766,4
3767,1
3768,9
3769,1
3770,4
3771,4
3772,5
3773,1
3774,5
3775,5
3776,4
3777,5
3778,7
3779,9
3780,1
3781,5
3782,5
3783,9
3784,5
3785,5
3786,5
3787,5
3788,5
3789,4
3790,4
3791,4
3792,4
3793,5
3794,5
3795,5
3796,1
3797,1
3798,1
3799,5
3800,5
3801,5
3802,5
3803,1
3804,4
3805,4
3806,5
3807,3
3808,5
3809,4
3810,5
3811,1
3812,3
3813,1
3814,5
3815,7
3816,5
3817,4
3818,4
3819,1
3820,5
3821,5
3822,7
3823,5
3824,9
3825,5
3826,5
3827,4
3828,4
3829,5
3830,5
3831,1
3832,3
3833,5
3834,1
3835,5
3836,3
3837,5
3838,1
3839,7
3840,5
3841,1
3842,5
3843,5
3844,5
3845,5
3846,5
3847,5
3848,5
3849,5
3850,1
3851,9
3852,5
3853,5
3854,5
3855,5
3856,4
3857,2
3858,5
3859,4
3860,5
3861,5
3862,5
3863,5
3864,5
3865,5
3866,5
3867,4
3868,4
3869,9
3870,5
3871,7
3872,1
3873,5
3874,5
3875,5
3876,5
3877,4
3878,4
3879,5
3880,3
3881,5
3882,7
3883,5
3884,7
3885,1
3886,5
3887,1
3888,4
3889,5
3890,1
3891,2
3892,5
3893,3
3894,4
3895,1
3896,5
3897,5
3898,5
3899,7
3900,9
3901,5
3902,3
3903,1
3904,5
3905,5
3906,1
3907,5
3908,4
3909,5
3910,9
3911,7
3912,9
3913,5
3914,5
3915,1
3916,5
3917,5
3918,4
3919,1
3920,4
3921,4
3922,5
3923,1
3924,1
3925,9
3926,5
3927,5
3928,5
3929,3
3930,3
3931,9
3932,4
3933,9
3934,5
3935,9
3936,7
3937,5
3938,1
3939,1
3940,5
3941,9
3942,4
3943,4
3944,4
3945,1
3946,9
3947,1
3948,9
3949,1
3950,5
3951,7
3952,5
3953,5
3954,9
3955,5
3956,4
3957,3
3958,5
3959,4
3960,5
3961,1
3962,5
3963,5
3964,1
3965,5
3966,1
3967,1
3968,5
3969,4
3970,4
3971,5
3972,5
3973,5
3974,4
3975,5
3976,3
3977,5
3978,5
3979,4
3980,5
3981,3
3982,5
3983,1
3984,4
3985,9
3986,5
3987,5
3988,5
3989,3
3990,5
3991,3
3992,3
3993,1
3994,5
3995,3
3996,7
3997,5
3998,5
3999,1
4000,3
4001,5
4002,5
4003,4
4004,4
4005,5
4006,9
4007,5
4008,5
4009,1
4010,4
4011,1
4012,9
4013,4
4014,3
4015,7
4016,1
4017,1
4018,3
4019,5
4020,1
4021,5
4022,4
4023,3
4024,9
4025,4
4026,4
4027,1
4028,1
4029,1
4030,1
4031,1
4032,2
4033,9
4034,4
4035,7
4036,4
4037,1
4038,4
4039,1
4040,5
4041,1
4042,0
4043,4
4044,1
4045,5
4046,4
4047,5
4048,5
4049,5
4050,3
4051,4
4052,5
4053,9
4054,5
4055,5
4056,1
4057,5
4058,9
4059,4
4060,9
4061,3
4062,3
4063,5
4064,3
4065,3
4066,5
4067,5
4068,5
4069,1
4070,3
4071,5
4072,3
4073,4
4074,3
4075,5
4076,4
4077,4
4078,5
4079,5
4080,5
4081,5
4082,7
4083,4
4084,5
4085,7
4086,1
4087,3
4088,9
4089,4
4090,9
4091,3
4092,4
4093,3
4094,1
4095,5
4096,3
4097,1
4098,5
4099,3
4100,5
4101,5
4102,4
4103,5
4104,1
4105,1
4106,3
4107,5
4108,5
4109,7
4110,5
4111,4
4112,1
4113,1
4114,5
4115,7
4116,3
4117,3
4118,1
4119,4
4120,5
4121,5
4122,4
4123,4
4124,4
4125,3
4126,3
4127,5
4128,5
4129,4
4130,9
4131,5
4132,5
4133,1
4134,5
4135,5
4136,5
4137,1
4138,7
4139,9
4140,5
4141,5
4142,5
4143,4
4144,5
4145,5
4146,5
4147,5
4148,5
4149,5
4150,4
4151,5
4152,5
4153,4
4154,3
4155,1
4156,1
4157,5
4158,4
4159,5
4160,7
4161,1
4162,5
4163,5
4164,3
4165,3
4166,5
4167,4
4168,4
4169,4
4170,4
4171,1
4172,3
4173,4
4174,5
4175,4
4176,4
4177,5
4178,4
4179,4
4180,7
4181,5
4182,4
4183,7
4184,5
4185,5
4186,5
4187,5
4188,5
4189,4
4190,5
4191,5
4192,4
4193,4
4194,1
4195,5
4196,1
4197,5
4198,5
4199,7
4200,7
4201,5
4202,4
4203,5
4204,4
4205,4
4206,4
4207,4
4208,5
4209,5
4210,1
4211,5
4212,1
4213,4
4214,3
4215,5
4216,4
4217,4
4218,1
4219,1
4220,1
4221,1
4222,7
4223,5
4224,5
4225,5
4226,1
4227,1
4228,5
4229,4
4230,1
4231,5
4232,1
4233,1
4234,1
4235,5
4236,1
4237,5
4238,1
4239,5
4240,5
4241,0
4242,5
4243,1
4244,1
4245,5
4246,7
4247,7
4248,5
4249,3
4250,5
4251,7
4252,7
4253,4
4254,5
4255,5
4256,3
4257,3
4258,1
4259,5
4260,1
4261,5
4262,5
4263,7
4264,1
4265,1
4266,7
4267,5
4268,5
4269,7
4270,4
4271,5
4272,4
4273,4
4274,5
4275,1
4276,1
4277,1
4278,5
4279,1
4280,5
4281,1
4282,7
4283,5
4284,5
4285,1
4286,5
4287,1
4288,1
4289,3
4290,5
4291,5
4292,5
4293,5
4294,7
4295,4
4296,3
4297,5
4298,5
4299,1
4300,1
4301,5
4302,5
4303,1
4304,5
4305,1
4306,7
4307,7
4308,7
4309,5
4310,1
4311,1
4312,5
4313,5
4314,5
4315,4
4316,9
4317,5
4318,1
4319,5
4320,1
4321,5
4322,5
4323,9
4324,1
4325,5
4326,1
4327,1
4328,5
4329,1
4330,9
4331,4
4332,4
4333,5
4334,5
4335,5
4336,5
4337,5
4338,9
4339,5
4340,5
4341,1
4342,9
4343,9
4344,5
4345,5
4346,5
4347,1
4348,5
4349,5
4350,9
4351,5
4352,5
4353,4
4354,1
4355,7
4356,1
4357,1
4358,9
4359,1
4360,1
4361,1
4362,1
4363,1
4364,1
4365,1
4366,5
4367,1
4368,4
4369,5
4370,3
4371,3
4372,5
4373,1
4374,5
4375,1
4376,9
4377,5
4378,9
4379,4
4380,5
4381,3
4382,4
4383,1
4384,5
4385,4
4386,5
4387,5
4388,5
4389,1
4390,3
4391,1
4392,5
4393,1
4394,4
4395,5
4396,4
4397,3
4398,3
4399,3
4400,1
4401,4
4402,5
4403,5
4404,3
4405,3
4406,1
4407,5
4408,3
4409,3
4410,4
4411,1
4412,5
4413,5
4414,1
4415,1
4416,7
4417,4
4418,4
4419,1
4420,4
4421,1
4422,3
4423,4
4424,3
4425,3
4426,4
4427,7
4428,4
4429,1
4430,5
4431,5
4432,3
4433,1
4434,9
4435,5
4436,5
4437,5
4438,1
4439,1
4440,1
4441,3
4442,4
4443,1
4444,4
4445,1
4446,5
4447,1
4448,5
4449,7
4450,5
4451,4
4452,3
4453,3
4454,4
4455,7
4456,5
4457,5
4458,4
4459,4
4460,1
4461,5
4462,7
4463,4
4464,5
4465,3
4466,4
4467,5
4468,4
4469,5
4470,5
4471,5
4472,1
4473,5
4474,5
4475,7
4476,5
4477,4
4478,5
4479,4
4480,4
4481,5
4482,4
4483,5
4484,5
4485,5
4486,7
4487,5
4488,1
4489,1
4490,4
4491,5
4492,5
4493,4
4494,4
4495,5
4496,4
4497,4
4498,5
4499,3
4500,4
4501,4
4502,5
4503,1
4504,3
4505,3
4506,3
4507,4
4508,5
4509,5
4510,1
4511,3
4512,4
4513,5
4514,3
4515,7
4516,5
4517,1
4518,3
4519,4
4520,7
4521,4
4522,4
4523,4
4524,4
4525,4
4526,4
4527,4
4528,9
4529,7
4530,9
4531,5
4532,7
4533,4
4534,4
4535,5
4536,4
4537,7
4538,4
4539,4
4540,1
4541,3
4542,4
4543,4
4544,4
4545,4
4546,4
4547,5
4548,5
4549,5
4550,4
4551,4
4552,4
4553,5
4554,5
4555,4
4556,4
4557,7
4558,4
4559,4
4560,7
4561,5
4562,7
4563,3
4564,5
4565,1
4566,4
4567,7
4568,5
4569,5
4570,9
4571,9
4572,9
4573,7
4574,4
4575,7
4576,4
4577,4
4578,1
4579,7
4580,3
4581,7
4582,7
4583,5
4584,5
4585,4
4586,3
4587,7
4588,4
4589,7
4590,7
4591,4
4592,7
4593,7
4594,7
4595,4
4596,7
4597,5
4598,4
4599,7
4600,3
4601,1
4602,5
4603,3
4604,7
4605,5
4606,7
4607,5
4608,3
4609,5
4610,7
4611,5
4612,7
4613,4
4614,4
4615,4
4616,7
4617,3
4618,5
4619,5
4620,7
4621,7
4622,4
4623,7
4624,3
4625,4
4626,7
4627,4
4628,5
4629,4
4630,5
4631,5
4632,5
4633,5
4634,5
4635,5
4636,4
4637,5
4638,4
4639,5
4640,5
4641,5
4642,4
4643,5
4644,5
4645,4
4646,5
4647,5
4648,5
4649,5
4650,4
4651,5
4652,5
4653,5
4654,3
4655,4
4656,5
4657,3
4658,4
4659,5
4660,4
4661,5
4662,5
4663,3
4664,5
4665,4
4666,3
4667,4
4668,1
4669,5
4670,3
4671,4
4672,1
4673,1
4674,5
4675,4
4676,3
4677,5
4678,5
4679,5
4680,1
4681,5
4682,4
4683,5
4684,1
4685,3
4686,3
4687,1
4688,4
4689,7
4690,5
4691,7
4692,5
4693,1
4694,5
4695,5
4696,4
4697,5
4698,4
4699,4
4700,4
4701,4
4702,4
4703,5
4704,4
4705,1
4706,4
4707,5
4708,5
4709,4
4710,4
4711,5
4712,5
4713,5
4714,4
4715,1
4716,3
4717,4
4718,4
4719,1
4720,3
4721,3
4722,4
4723,1
4724,5
4725,4
4726,1
4727,4
4728,5
4729,5
4730,4
4731,5
4732,5
4733,1
4734,1
4735,4
4736,4
4737,5
4738,4
4739,5
4740,5
4741,4
4742,5
4743,4
4744,1
4745,1
4746,1
4747,5
4748,5
4749,4
4750,4
4751,1
4752,5
4753,3
4754,5
4755,4
4756,4
4757,7
4758,3
4759,4
4760,4
4761,3
4762,1
4763,4
4764,5
4765,4
4766,3
4767,3
4768,1
4769,3
4770,3
4771,5
4772,4
4773,5
4774,4
4775,5
4776,1
4777,3
4778,4
4779,4
4780,4
4781,1
4782,3
4783,3
4784,4
4785,1
4786,1
4787,1
4788,1
4789,1
4790,3
4791,1
4792,4
4793,5
4794,1
4795,1
4796,4
4797,4
4798,5
4799,4
4800,1
4801,3
4802,5
4803,5
4804,3
4805,1
4806,5
4807,1
4808,1
4809,1
4810,1
4811,1
4812,4
4813,4
4814,5
4815,4
4816,7
4817,4
4818,4
4819,7
4820,5
4821,4
4822,5
4823,4
4824,4
4825,4
4826,4
4827,4
4828,4
4829,5
4830,4
4831,4
4832,7
4833,4
4834,9
4835,1
4836,1
4837,3
4838,4
4839,3
4840,4
4841,5
4842,1
4843,5
4844,4
4845,3
4846,5
4847,7
4848,4
4849,5
4850,3
4851,4
4852,5
4853,4
4854,7
4855,2
4856,1
4857,5
4858,5
4859,5
4860,4
4861,5
4862,5
4863,3
4864,4
4865,5
4866,5
4867,4
4868,4
4869,4
4870,3
4871,4
4872,1
4873,4
4874,4
4875,5
4876,3
4877,4
4878,1
4879,3
4880,3
4881,5
4882,4
4883,1
4884,7
4885,4
4886,4
4887,4
4888,7
4889,1
4890,0
4891,5
4892,5
4893,1
4894,3
4895,1
4896,1
4897,1
4898,3
4899,3
4900,3
4901,3
4902,4
4903,5
4904,5
4905,1
4906,5
4907,1
4908,1
4909,3
4910,1
4911,3
4912,1
4913,1
4914,1
4915,3
4916,5
4917,1
4918,3
4919,9
4920,3
4921,5
4922,5
4923,4
4924,4
4925,4
4926,5
4927,1
4928,5
4929,3
4930,1
4931,4
4932,3
4933,7
4934,3
4935,5
4936,7
4937,7
4938,3
4939,5
4940,3
4941,3
4942,3
4943,4
4944,9
4945,5
4946,4
4947,5
4948,1
4949,5
4950,4
4951,9
4952,3
4953,3
4954,9
4955,7
4956,1
4957,3
4958,5
4959,3
4960,3
4961,7
4962,4
4963,4
4964,5
4965,7
4966,9
4967,4
4968,4
4969,9
4970,5
4971,3
4972,1
4973,1
4974,5
4975,5
4976,1
4977,1
4978,4
4979,1
4980,4
4981,5
4982,7
4983,4
4984,5
4985,7
4986,9
4987,1
4988,7
4989,9
4990,1
4991,1
4992,1
4993,1
4994,1
4995,1
4996,1
4997,1
4998,1
4999,1
5000,1
5001,1
5002,1
5003,1
5004,1
5005,1
5006,1
5007,1
5008,1
5009,1
5010,1
5011,1
5012,1
5013,1
5014,1
5015,1
5016,1
5017,1
5018,1
5019,1
5020,1
5021,1
5022,1
5023,1
5024,1
5025,1
5026,1
5027,1
5028,1
5029,1
5030,1
5031,1
5032,1
5033,1
5034,1
5035,1
5036,1
5037,1
5038,1
5039,1
5040,1
5041,1
5042,1
5043,1
5044,1
5045,1
5046,1
5047,1
5048,1
5049,1
5050,1
5051,1
5052,1
5053,1
5054,3
5055,1
5056,1
5057,1
5058,1
5059,1
5060,1
5061,5
5062,1
5063,1
5064,1
5065,5
5066,1
5067,1
5068,1
5069,1
5070,1
5071,1
5072,1
5073,1
5074,1
5075,1
5076,1
5077,1
5078,1
5079,4
5080,1
5081,1
5082,1
5083,5
5084,1
5085,1
5086,1
5087,1
5088,5
5089,4
5090,5
5091,5
5092,5
5093,1
5094,5
5095,1
5096,1
5097,1
5098,3
5099,3
5100,5
5101,4
5102,1
5103,4
5104,5
5105,1
5106,4
5107,1
5108,5
5109,3
5110,1
5111,1
5112,3
5113,4
5114,1
5115,1
5116,5
5117,1
5118,3
5119,5
5120,5
5121,3
5122,3
5123,4
5124,5
5125,5
5126,1
5127,1
5128,1
5129,1
5130,1
5131,5
5132,1
5133,1
5134,1
5135,5
5136,1
5137,1
5138,3
5139,1
5140,3
5141,3
5142,3
5143,1
5144,5
5145,5
5146,3
5147,1
5148,4
5149,4
5150,1
5151,3
5152,1
5153,1
5154,1
5155,1
5156,1
5157,9
5158,5
5159,1
5160,5
5161,1
5162,5
5163,1
5164,1
5165,1
5166,1
5167,5
5168,3
5169,5
5170,3
5171,3
5172,3
5173,5
5174,5
5175,3
5176,1
5177,1
5178,1
5179,1
5180,1
5181,1
5182,1
5183,5
5184,4
5185,3
5186,5
5187,4
5188,1
5189,1
5190,1
5191,1
5192,1
5193,1
5194,1
5195,1
5196,1
5197,3
5198,4
5199,9
5200,1
5201,1
5202,1
5203,1
5204,1
5205,1
5206,3
5207,3
5208,4
5209,5
5210,1
5211,5
5212,4
5213,1
5214,1
5215,3
5216,1
5217,1
5218,4
5219,1
5220,4
5221,1
5222,1
5223,4
5224,5
5225,4
5226,1
5227,9
5228,1
5229,4
5230,1
5231,5
5232,5
5233,5
5234,1
5235,5
5236,4
5237,5
5238,4
5239,3
5240,1
5241,1
5242,4
5243,4
5244,1
5245,1
5246,1
5247,1
5248,1
5249,5
5250,1
5251,1
5252,1
5253,1
5254,1
5255,1
5256,1
5257,3
5258,1
5259,3
5260,4
5261,1
5262,1
5263,1
5264,4
5265,1
5266,1
5267,1
5268,5
5269,1
5270,1
5271,5
5272,5
5273,3
5274,1
5275,1
5276,5
5277,7
5278,1
5279,1
5280,5
5281,3
5282,5
5283,5
5284,9
5285,3
5286,1
5287,1
5288,5
5289,4
5290,5
5291,5
5292,5
5293,5
5294,1
5295,3
5296,5
5297,1
5298,1
5299,1
5300,4
5301,4
5302,1
5303,1
5304,1
5305,1
5306,1
5307,1
5308,1
5309,1
5310,1
5311,1
5312,1
5313,1
5314,1
5315,1
5316,1
5317,1
5318,1
5319,1
5320,1
5321,1
5322,1
5323,1
5324,1
5325,1
5326,1
5327,1
5328,1
5329,1
5330,1
5331,1
5332,1
5333,1
5334,1
5335,1
5336,1
5337,1
5338,1
5339,1
5340,1
5341,1
5342,1
5343,1
5344,1
5345,1
5346,1
5347,1
5348,1
5349,1
5350,1
5351,1
5352,1
5353,1
5354,1
5355,4
5356,1
5357,1
5358,9
5359,5
5360,5
5361,5
5362,5
5363,9
5364,9
5365,5
5366,9
5367,9
5368,5
5369,9
5370,9
5371,1
5372,5
5373,4
5374,9
5375,4
5376,4
5377,9
5378,5
5379,4
5380,5
5381,9
5382,4
5383,5
5384,5
5385,4
5386,4
5387,4
5388,4
5389,4
5390,3
5391,3
5392,1
5393,1
5394,3
5395,1
5396,3
5397,3
5398,1
5399,3
5400,3
5401,3
5402,1
5403,1
5404,3
5405,1
5406,1
5407,1
5408,1
5409,1
5410,1
5411,3
5412,1
5413,1
5414,1
5415,1
5416,1
5417,1
5418,1
5419,1
5420,1
5421,1
5422,1
5423,1
5424,5
5425,1
5426,1
5427,1
5428,1
5429,1
5430,5
5431,1
5432,1
5433,7
5434,0
5435,5
5436,1
5437,5
5438,3
5439,4
5440,1
5441,5
5442,1
5443,1
5444,1
5445,1
5446,5
5447,1
5448,1
5449,1
5450,5
5451,1
5452,0
5453,7
5454,1
5455,1
5456,1
5457,1
5458,5
5459,1
5460,1
5461,1
5462,1
5463,1
5464,1
5465,1
5466,1
5467,5
5468,4
5469,1
5470,5
5471,5
5472,7
5473,1
5474,5
5475,4
5476,1
5477,7
5478,4
5479,1
5480,9
5481,1
5482,0
5483,1
5484,5
5485,5
5486,5
5487,5
5488,5
5489,5
5490,9
5491,1
5492,5
5493,1
5494,9
5495,5
5496,1
5497,4
5498,4
5499,1
5500,4
5501,5
5502,1
5503,1
5504,5
5505,5
5506,1
5507,1
5508,1
5509,3
5510,3
5511,1
5512,5
5513,1
5514,3
5515,5
5516,7
5517,4
5518,1
5519,1
5520,4
5521,5
5522,3
5523,1
5524,5
5525,5
5526,5
5527,5
5528,1
5529,5
5530,4
5531,4
5532,7
5533,1
5534,7
5535,5
5536,4
5537,4
5538,4
5539,5
5540,5
5541,5
5542,5
5543,4
5544,5
5545,5
5546,4
5547,3
5548,4
5549,5
5550,5
5551,1
5552,1
5553,4
5554,5
5555,4
5556,1
5557,1
5558,1
5559,5
5560,5
5561,5
5562,1
5563,5
5564,5
5565,5
5566,3
5567,3
5568,1
5569,1
5570,5
5571,1
5572,5
5573,1
5574,9
5575,5
5576,1
5577,7
5578,1
5579,5
5580,5
5581,1
5582,3
5583,1
5584,1
5585,7
5586,1
5587,7
5588,3
5589,1
5590,5
5591,1
5592,1
5593,1
5594,1
5595,4
5596,1
5597,1
5598,1
5599,1
5600,5
5601,5
5602,1
5603,5
5604,1
5605,5
5606,5
5607,1
5608,4
5609,5
5610,5
5611,1
5612,1
5613,5
5614,3
5615,4
5616,1
5617,5
5618,1
5619,1
5620,1
5621,5
5622,5
5623,5
5624,1
5625,1
5626,1
5627,5
5628,4
5629,5
5630,4
5631,4
5632,3
5633,1
5634,5
5635,3
5636,5
5637,1
5638,1
5639,5
5640,4
5641,1
5642,5
5643,1
5644,1
5645,1
5646,5
5647,5
5648,1
5649,1
5650,5
5651,5
5652,5
5653,3
5654,1
5655,1
5656,5
5657,1
5658,5
5659,3
5660,5
5661,7
5662,1
5663,1
5664,3
5665,5
5666,5
5667,5
5668,1
5669,5
5670,5
5671,3
5672,4
5673,1
5674,4
5675,5
5676,4
5677,5
5678,4
5679,7
5680,4
5681,4
5682,1
5683,5
5684,1
5685,5
5686,5
5687,5
5688,7
5689,5
5690,4
5691,9
5692,5
5693,5
5694,1
5695,4
5696,5
5697,7
5698,1
5699,1
5700,3
5701,1
5702,4
5703,1
5704,5
5705,5
5706,9
5707,9
5708,5
5709,3
5710,4
5711,3
5712,1
5713,1
5714,0
5715,1
5716,1
5717,1
5718,5
5719,1
5720,3
5721,3
5722,5
5723,1
5724,3
5725,5
5726,1
5727,7
5728,5
5729,5
5730,1
5731,4
5732,9
5733,4
5734,5
5735,0
5736,5
5737,5
5738,1
5739,5
5740,9
5741,3
5742,1
5743,3
5744,1
5745,1
5746,1
5747,3
5748,0
5749,5
5750,4
5751,1
5752,1
5753,1
5754,5
5755,0
5756,5
5757,4
5758,9
5759,7
5760,4
5761,3
5762,3
5763,9
5764,1
5765,5
5766,1
5767,1
5768,1
5769,5
5770,5
5771,1
5772,7
5773,5
5774,7
5775,5
5776,5
5777,1
5778,5
5779,5
5780,1
5781,1
5782,1
5783,1
5784,5
5785,5
5786,5
5787,1
5788,4
5789,7
5790,1
5791,1
5792,7
5793,7
5794,1
5795,1
5796,5
5797,5
5798,1
5799,1
5800,5
5801,5
5802,9
5803,9
5804,4
5805,1
5806,3
5807,1
5808,1
5809,5
5810,4
5811,1
5812,1
5813,1
5814,1
5815,1
5816,5
5817,1
5818,1
5819,1
5820,5
5821,1
5822,1
5823,5
5824,5
5825,5
5826,3
5827,5
5828,4
5829,1
5830,3
5831,5
5832,5
5833,5
5834,4
5835,1
5836,4
5837,5
5838,0
5839,4
5840,7
5841,4
5842,5
5843,5
5844,1
5845,4
5846,9
5847,3
5848,1
5849,1
5850,7
5851,5
5852,5
5853,9
5854,5
5855,4
5856,1
5857,1
5858,1
5859,9
5860,5
5861,1
5862,5
5863,5
5864,4
5865,7
5866,4
5867,9
5868,5
5869,4
5870,5
5871,1
5872,3
5873,5
5874,1
5875,5
5876,5
5877,5
5878,1
5879,1
5880,1
5881,9
5882,3
5883,5
5884,1
5885,1
5886,1
5887,1
5888,1
5889,1
5890,5
5891,5
5892,1
5893,7
5894,1
5895,1
5896,9
5897,5
5898,1
5899,3
5900,9
5901,5
5902,5
5903,4
5904,9
5905,1
5906,9
5907,1
5908,1
5909,1
5910,1
5911,5
5912,1
5913,1
5914,5
5915,5
5916,3
5917,5
5918,4
5919,5
5920,5
5921,5
5922,4
5923,2
5924,1
5925,1
5926,5
5927,5
5928,1
5929,5
5930,5
5931,5
5932,1
5933,9
5934,5
5935,4
5936,4
5937,1
5938,5
5939,5
5940,3
5941,9
5942,5
5943,1
5944,1
5945,4
5946,1
5947,1
5948,5
5949,1
5950,1
5951,1
5952,5
5953,1
5954,5
5955,5
5956,9
5957,5
5958,5
5959,1
5960,4
5961,4
5962,5
5963,1
5964,5
5965,1
5966,1
5967,1
5968,1
5969,5
5970,1
5971,3
5972,5
5973,5
5974,5
5975,5
5976,1
5977,5
5978,7
5979,5
5980,5
5981,7
5982,7
5983,5
5984,9
5985,5
5986,5
5987,5
5988,5
5989,1
5990,0
5991,1
5992,0
5993,1
5994,1
5995,1
5996,5
5997,5
5998,7
5999,4
6000,0
6001,7
6002,5
6003,1
6004,1
6005,4
6006,7
6007,5
6008,5
6009,7
6010,1
6011,0
6012,4
6013,5
6014,1
6015,5
6016,7
6017,5
6018,5
6019,2
6020,1
6021,1
6022,5
6023,1
6024,3
6025,3
6026,1
6027,1
6028,7
6029,1
6030,1
6031,1
6032,1
6033,5
6034,4
6035,1
6036,5
6037,3
6038,1
6039,1
6040,5
6041,5
6042,1
6043,5
6044,5
6045,5
6046,5
6047,4
6048,5
6049,4
6050,5
6051,7
6052,4
6053,7
6054,7
6055,1
6056,4
6057,7
6058,4
6059,4
6060,5
6061,4
6062,4
6063,7
6064,5
6065,5
6066,4
6067,4
6068,4
6069,4
6070,4
6071,5
6072,7
6073,5
6074,5
6075,4
6076,4
6077,7
6078,7
6079,4
6080,4
6081,7
6082,5
6083,4
6084,5
6085,5
6086,4
6087,4
6088,4
6089,1
6090,4
6091,4
6092,4
6093,4
6094,4
6095,4
6096,4
6097,5
6098,5
6099,5
6100,5
6101,7
6102,5
6103,4
6104,5
6105,5
6106,4
6107,5
6108,4
6109,7
6110,5
6111,7
6112,5
6113,5
6114,4
6115,4
6116,5
6117,7
6118,4
6119,1
6120,7
6121,5
6122,1
6123,5
6124,5
6125,3
6126,4
6127,5
6128,5
6129,1
6130,4
6131,5
6132,1
6133,1
6134,5
6135,1
6136,4
6137,4
6138,5
6139,5
6140,5
6141,5
6142,5
6143,4
6144,5
6145,0
6146,5
6147,4
6148,5
6149,5
6150,5
6151,4
6152,4
6153,5
6154,4
6155,5
6156,1
6157,5
6158,1
6159,4
6160,1
6161,1
6162,1
6163,5
6164,1
6165,1
6166,5
6167,1
6168,5
6169,1
6170,5
6171,5
6172,5
6173,1
6174,7
6175,5
6176,1
6177,4
6178,5
6179,5
6180,5
6181,5
6182,5
6183,5
6184,5
6185,5
6186,1
6187,5
6188,5
6189,7
6190,5
6191,4
6192,5
6193,4
6194,5
6195,3
6196,1
6197,1
6198,4
6199,1
6200,1
6201,1
6202,1
6203,4
6204,0
6205,1
6206,1
6207,1
6208,7
6209,4
6210,1
6211,5
6212,4
6213,1
6214,4
6215,1
6216,0
6217,5
6218,4
6219,3
6220,4
6221,4
6222,5
6223,5
6224,4
6225,5
6226,4
6227,4
6228,1
6229,5
6230,5
6231,4
6232,5
6233,5
6234,5
6235,1
6236,1
6237,4
6238,1
6239,3
6240,3
6241,1
6242,0
6243,1
6244,5
6245,1
6246,3
6247,1
6248,0
6249,2
6250,1
6251,1
6252,1
6253,5
6254,5
6255,4
6256,5
6257,4
6258,1
6259,4
6260,5
6261,1
6262,5
6263,1
6264,0
6265,1
6266,1
6267,4
6268,1
6269,1
6270,4
6271,5
6272,1
6273,4
6274,3
6275,1
6276,1
6277,1
6278,1
6279,1
6280,1
6281,4
6282,4
6283,4
6284,9
6285,5
6286,1
6287,5
6288,1
6289,5
6290,1
6291,7
6292,9
6293,1
6294,1
6295,1
6296,5
6297,5
6298,5
6299,7
6300,7
6301,1
6302,4
6303,1
6304,3
6305,3
6306,1
6307,4
6308,3
6309,7
6310,1
6311,4
6312,4
6313,1
6314,4
6315,1
6316,1
6317,1
6318,4
6319,1
6320,1
6321,5
6322,4
6323,4
6324,4
6325,5
6326,1
6327,4
6328,5
6329,5
6330,7
6331,5
6332,4
6333,4
6334,7
6335,7
6336,4
6337,5
6338,5
6339,4
6340,4
6341,5
6342,4
6343,4
6344,5
6345,4
6346,4
6347,4
6348,4
6349,4
6350,7
6351,4
6352,5
6353,5
6354,4
6355,7
6356,5
6357,4
6358,4
6359,4
6360,4
6361,4
6362,4
6363,4
6364,5
6365,4
6366,4
6367,7
6368,4
6369,5
6370,4
6371,7
6372,4
6373,5
6374,5
6375,4
6376,4
6377,7
6378,7
6379,7
6380,5
6381,4
6382,4
6383,5
6384,1
6385,3
6386,4
6387,5
6388,4
6389,1
6390,1
6391,1
6392,5
6393,5
6394,3
6395,1
6396,5
6397,4
6398,5
6399,1
6400,3
6401,7
6402,4
6403,4
6404,4
6405,1
6406,7
6407,4
6408,1
6409,1
6410,1
6411,5
6412,1
6413,1
6414,1
6415,1
6416,4
6417,1
6418,7
6419,1
6420,1
6421,3
6422,5
6423,9
6424,1
6425,1
6426,5
6427,1
6428,3
6429,7
6430,5
6431,1
6432,5
6433,3
6434,3
6435,7
6436,4
6437,3
6438,1
6439,5
6440,4
6441,4
6442,4
6443,4
6444,5
6445,5
6446,3
6447,4
6448,1
6449,4
6450,5
6451,1
6452,4
6453,3
6454,3
6455,3
6456,1
6457,1
6458,1
6459,1
6460,1
6461,1
6462,1
6463,1
6464,3
6465,1
6466,1
6467,1
6468,1
6469,1
6470,1
6471,3
6472,7
6473,5
6474,5
6475,1
6476,1
6477,1
6478,5
6479,1
6480,1
6481,1
6482,1
6483,1
6484,1
6485,1
6486,1
6487,1
6488,1
6489,1
6490,5
6491,1
6492,1
6493,1
6494,3
6495,1
6496,1
6497,1
6498,3
6499,3
6500,3
6501,1
6502,1
6503,1
6504,1
6505,1
6506,3
6507,1
6508,1
6509,3
6510,1
6511,1
6512,1
6513,1
6514,1
6515,1
6516,1
6517,1
6518,5
6519,1
6520,1
6521,1
6522,1
6523,1
6524,1
6525,1
6526,1
6527,1
6528,1
6529,3
6530,1
6531,1
6532,1
6533,1
6534,1
6535,1
6536,1
6537,1
6538,1
6539,1
6540,5
6541,1
6542,3
6543,3
6544,1
6545,1
6546,3
6547,1
6548,1
6549,1
6550,5
6551,5
6552,7
6553,5
6554,1
6555,1
6556,7
6557,1
6558,1
6559,1
6560,1
6561,5
6562,1
6563,1
6564,1
6565,1
6566,1
6567,1
6568,5
6569,1
6570,1
6571,1
6572,1
6573,1
6574,5
6575,1
6576,1
6577,1
6578,5
6579,1
6580,5
6581,5
6582,4
6583,3
6584,1
6585,1
6586,2
6587,1
6588,1
6589,3
6590,1
6591,3
6592,9
6593,5
6594,5
6595,5
6596,5
6597,5
6598,3
6599,1
6600,1
6601,4
6602,5
6603,4
6604,3
6605,5
6606,3
6607,1
6608,1
6609,3
6610,3
6611,5
6612,5
6613,4
6614,5
6615,3
6616,4
6617,3
6618,1
6619,3
6620,5
6621,1
6622,5
6623,9
6624,5
6625,3
6626,5
6627,5
6628,1
6629,4
6630,5
6631,5
6632,5
6633,5
6634,5
6635,5
6636,1
6637,4
6638,1
6639,5
6640,1
6641,9
6642,9
6643,1
6644,1
6645,9
6646,5
6647,1
6648,5
6649,4
6650,1
6651,5
6652,9
6653,5
6654,5
6655,4
6656,5
6657,4
6658,4
6659,5
6660,5
6661,9
6662,9
6663,4
6664,4
6665,1
6666,4
6667,1
6668,5
6669,3
6670,1
6671,5
6672,4
6673,4
6674,5
6675,7
6676,1
6677,5
6678,1
6679,1
6680,1
6681,5
6682,4
6683,4
6684,4
6685,5
6686,5
6687,4
6688,5
6689,5
6690,1
6691,1
6692,5
6693,5
6694,5
6695,7
6696,4
6697,4
6698,7
6699,4
6700,4
6701,7
6702,1
6703,4
6704,4
6705,5
6706,4
6707,4
6708,5
6709,5
6710,4
6711,4
6712,4
6713,3
6714,5
6715,4
6716,3
6717,3
6718,9
6719,4
6720,5
6721,4
6722,4
6723,5
6724,3
6725,4
6726,3
6727,4
6728,3
6729,1
6730,4
6731,1
6732,3
6733,9
6734,1
6735,4
6736,1
6737,1
6738,4
6739,3
6740,5
6741,2
6742,2
6743,2
6744,4
6745,3
6746,4
6747,5
6748,1
6749,4
6750,4
6751,4
6752,4
6753,3
6754,1
6755,4
6756,4
6757,5
6758,5
6759,4
6760,4
6761,1
6762,4
6763,4
6764,4
6765,5
6766,5
6767,5
6768,4
6769,5
6770,7
6771,5
6772,7
6773,4
6774,4
6775,4
6776,4
6777,4
6778,4
6779,4
6780,4
6781,3
6782,4
6783,9
6784,9
6785,9
6786,9
6787,4
6788,9
6789,4
6790,3
6791,7
6792,5
6793,4
6794,4
6795,2
6796,4
6797,4
6798,7
6799,5
6800,7
6801,4
6802,4
6803,4
6804,7
6805,4
6806,4
6807,4
6808,4
6809,4
6810,4
6811,3
6812,1
6813,1
6814,1
6815,4
6816,5
6817,5
6818,5
6819,5
6820,1
6821,4
6822,1
6823,4
6824,5
6825,2
6826,5
6827,5
6828,1
6829,5
6830,5
6831,5
6832,4
6833,5
6834,5
6835,5
6836,5
6837,5
6838,5
6839,5
6840,5
6841,3
6842,1
6843,3
6844,4
6845,1
6846,3
6847,5
6848,1
6849,5
6850,4
6851,5
6852,5
6853,1
6854,3
6855,1
6856,1
6857,5
6858,1
6859,5
6860,5
6861,5
6862,5
6863,5
6864,5
6865,4
6866,5
6867,3
6868,5
6869,5
6870,5
6871,4
6872,5
6873,4
6874,4
6875,3
6876,5
6877,1
6878,1
6879,4
6880,1
6881,1
6882,5
6883,4
6884,1
6885,5
6886,5
6887,4
6888,4
6889,5
6890,4
6891,5
6892,4
6893,5
6894,5
6895,1
6896,3
6897,3
6898,3
6899,3
6900,7
6901,5
6902,1
6903,3
6904,5
6905,3
6906,3
6907,3
6908,7
6909,4
6910,4
6911,3
6912,3
6913,3
6914,5
6915,5
6916,5
6917,1
6918,5
6919,3
6920,3
6921,4
6922,1
6923,3
6924,5
6925,5
6926,3
6927,1
6928,3
6929,4
6930,5
6931,1
6932,3
6933,5
6934,2
6935,7
6936,5
6937,3
6938,3
6939,3
6940,1
6941,3
6942,1
6943,3
6944,3
6945,4
6946,5
6947,5
6948,1
6949,5
6950,5
6951,5
6952,7
6953,5
6954,1
6955,3
6956,1
6957,5
6958,5
6959,5
6960,1
6961,5
6962,5
6963,4
6964,5
6965,9
6966,3
6967,1
6968,2
6969,4
6970,7
6971,4
6972,5
6973,1
6974,4
6975,4
6976,5
6977,3
6978,7
6979,3
6980,5
6981,3
6982,5
6983,7
6984,4
6985,3
6986,1
6987,5
6988,7
6989,7
6990,7
6991,5
6992,5
6993,3
6994,5
6995,9
6996,7
6997,7
6998,7
6999,5
7000,4
7001,5
7002,4
7003,5
7004,5
7005,5
7006,5
7007,4
7008,5
7009,5
7010,7
7011,5
7012,3
7013,5
7014,5
7015,4
7016,1
7017,5
7018,5
7019,4
7020,1
7021,4
7022,1
7023,7
7024,4
7025,1
7026,5
7027,5
7028,7
7029,4
7030,1
7031,4
7032,5
7033,5
7034,3
7035,3
7036,1
7037,1
7038,4
7039,7
7040,4
7041,1
7042,9
7043,5
7044,1
7045,3
7046,5
7047,3
7048,5
7049,5
7050,3
7051,2
7052,1
7053,4
7054,3
7055,7
7056,4
7057,5
7058,5
7059,9
7060,3
7061,5
7062,3
7063,4
7064,4
7065,4
7066,9
7067,4
7068,7
7069,5
7070,4
7071,4
7072,3
7073,5
7074,5
7075,5
7076,3
7077,9
7078,5
7079,1
7080,5
7081,7
7082,3
7083,5
7084,4
7085,4
7086,3
7087,3
7088,5
7089,3
7090,3
7091,5
7092,7
7093,4
7094,1
7095,7
7096,5
7097,5
7098,9
7099,5
7100,4
7101,7
7102,4
7103,4
7104,1
7105,3
7106,3
7107,4
7108,7
7109,4
7110,5
7111,3
7112,3
7113,4
7114,3
7115,5
7116,4
7117,5
7118,3
7119,3
7120,3
7121,0
7122,1
7123,5
7124,3
7125,3
7126,4
7127,5
7128,4
7129,3
7130,5
7131,5
7132,5
7133,5
7134,5
7135,1
7136,7
7137,7
7138,5
7139,5
7140,7
7141,5
7142,5
7143,1
7144,4
7145,1
7146,1
7147,4
7148,7
7149,7
7150,5
7151,1
7152,1
7153,3
7154,5
7155,5
7156,4
7157,5
7158,5
7159,5
7160,5
7161,7
7162,1
7163,4
7164,3
7165,1
7166,5
7167,3
7168,4
7169,4
7170,0
7171,4
7172,3
7173,5
7174,5
7175,5
7176,3
7177,7
7178,5
7179,5
7180,5
7181,1
7182,1
7183,5
7184,3
7185,3
7186,5
7187,4
7188,5
7189,5
7190,5
7191,5
7192,5
7193,3
7194,5
7195,7
7196,4
7197,3
7198,3
7199,3
7200,3
7201,5
7202,5
7203,4
7204,3
7205,9
7206,4
7207,5
7208,3
7209,4
7210,3
7211,7
7212,5
7213,4
7214,5
7215,3
7216,1
7217,5
7218,5
7219,3
7220,1
7221,5
7222,1
7223,4
7224,3
7225,1
7226,4
7227,1
7228,1
7229,5
7230,5
7231,5
7232,5
7233,5
7234,5
7235,1
7236,7
7237,7
7238,3
7239,3
7240,1
7241,0
7242,1
7243,2
7244,9
7245,1
7246,4
7247,7
7248,5
7249,5
7250,1
7251,5
7252,5
7253,5
7254,9
7255,1
7256,1
7257,1
7258,4
7259,7
7260,1
7261,3
7262,1
7263,1
7264,3
7265,3
7266,3
7267,3
7268,7
7269,3
7270,5
7271,5
7272,1
7273,5
7274,5
7275,3
7276,3
7277,4
7278,1
7279,3
7280,1
7281,3
7282,1
7283,5
7284,1
7285,1
7286,1
7287,5
7288,3
7289,5
7290,5
7291,4
7292,1
7293,9
7294,5
7295,7
7296,3
7297,1
7298,1
7299,4
7300,1
7301,1
7302,4
7303,3
7304,4
7305,5
7306,3
7307,7
7308,5
7309,1
7310,5
7311,1
7312,7
7313,2
7314,3
7315,1
7316,1
7317,1
7318,5
7319,1
7320,7
7321,5
7322,1
7323,1
7324,5
7325,9
7326,4
7327,1
7328,1
7329,2
7330,5
7331,7
7332,7
7333,1
7334,5
7335,5
7336,5
7337,5
7338,5
7339,5
7340,5
7341,5
7342,1
7343,1
7344,5
7345,0
7346,1
7347,3
7348,5
7349,3
7350,5
7351,7
7352,5
7353,1
7354,7
7355,5
7356,4
7357,4
7358,5
7359,5
7360,1
7361,1
7362,3
7363,5
7364,5
7365,1
7366,5
7367,1
7368,1
7369,7
7370,7
7371,5
7372,3
7373,5
7374,5
7375,3
7376,1
7377,5
7378,1
7379,5
7380,5
7381,5
7382,3
7383,5
7384,1
7385,5
7386,7
7387,5
7388,3
7389,0
7390,5
7391,7
7392,5
7393,5
7394,1
7395,5
7396,3
7397,5
7398,5
7399,9
7400,9
7401,5
7402,5
7403,5
7404,4
7405,1
7406,7
7407,3
7408,1
7409,4
7410,4
7411,5
7412,5
7413,1
7414,5
7415,1
7416,7
7417,1
7418,9
7419,4
7420,3
7421,9
7422,4
7423,5
7424,4
7425,1
7426,5
7427,5
7428,3
7429,4
7430,9
7431,3
7432,1
7433,5
7434,5
7435,3
7436,1
7437,9
7438,5
7439,7
7440,4
7441,5
7442,7
7443,4
7444,1
7445,4
7446,5
7447,9
7448,2
7449,5
7450,5
7451,5
7452,1
7453,1
7454,1
7455,3
7456,5
7457,7
7458,3
7459,5
7460,7
7461,4
7462,5
7463,7
7464,7
7465,5
7466,7
7467,5
7468,1
7469,5
7470,1
7471,0
7472,3
7473,3
7474,7
7475,5
7476,3
7477,4
7478,7
7479,3
7480,1
7481,1
7482,3
7483,5
7484,3
7485,5
7486,9
7487,3
7488,5
7489,5
7490,1
7491,4
7492,5
7493,3
7494,3
7495,7
7496,5
7497,5
7498,1
7499,5
7500,4
7501,2
7502,1
7503,1
7504,5
7505,1
7506,5
7507,5
7508,1
7509,1
7510,5
7511,2
7512,4
7513,4
7514,1
7515,5
7516,1
7517,3
7518,5
7519,7
7520,3
7521,4
7522,3
7523,5
7524,4
7525,1
7526,1
7527,7
7528,5
7529,3
7530,3
7531,9
7532,5
7533,5
7534,5
7535,4
7536,1
7537,3
7538,4
7539,5
7540,9
7541,3
7542,7
7543,3
7544,5
7545,5
7546,5
7547,3
7548,5
7549,7
7550,5
7551,9
7552,7
7553,5
7554,1
7555,1
7556,5
7557,3
7558,1
7559,1
7560,9
7561,2
7562,1
7563,3
7564,4
7565,5
7566,4
7567,7
7568,4
7569,5
7570,4
7571,5
7572,5
7573,5
7574,7
7575,4
7576,3
7577,5
7578,3
7579,3
7580,2
7581,1
7582,5
7583,1
7584,1
7585,3
7586,5
7587,3
7588,7
7589,3
7590,4
7591,5
7592,1
7593,5
7594,3
7595,5
7596,3
7597,3
7598,3
7599,3
7600,1
7601,5
7602,3
7603,9
7604,3
7605,4
7606,5
7607,5
7608,5
7609,9
7610,7
7611,1
7612,0
7613,0
7614,1
7615,4
7616,1
7617,5
7618,5
7619,3
7620,0
7621,5
7622,3
7623,1
7624,5
7625,1
7626,5
7627,3
7628,1
7629,9
7630,7
7631,5
7632,4
7633,5
7634,3
7635,5
7636,1
7637,5
7638,3
7639,1
7640,4
7641,4
7642,3
7643,5
7644,5
7645,9
7646,1
7647,5
7648,1
7649,3
7650,5
7651,2
7652,1
7653,0
7654,7
7655,3
7656,3
7657,5
7658,7
7659,3
7660,7
7661,3
7662,3
7663,5
7664,1
7665,3
7666,4
7667,7
7668,5
7669,7
7670,5
7671,5
7672,5
7673,4
7674,1
7675,3
7676,7
7677,3
7678,3
7679,9
7680,9
7681,2
7682,5
7683,5
7684,5
7685,7
7686,9
7687,9
7688,5
7689,5
7690,1
7691,5
7692,5
7693,9
7694,1
7695,7
7696,9
7697,5
7698,5
7699,5
7700,1
7701,5
7702,4
7703,5
7704,5
7705,4
7706,4
7707,5
7708,3
7709,1
7710,5
7711,9
7712,5
7713,5
7714,3
7715,5
7716,3
7717,7
7718,9
7719,5
7720,5
7721,5
7722,3
7723,4
7724,7
7725,5
7726,9
7727,5
7728,4
7729,3
7730,1
7731,9
7732,1
7733,1
7734,2
7735,4
7736,5
7737,7
7738,5
7739,7
7740,5
7741,9
7742,3
7743,7
7744,5
7745,1
7746,9
7747,4
7748,5
7749,7
7750,7
7751,3
7752,5
7753,4
7754,5
7755,5
7756,3
7757,5
7758,9
7759,9
7760,5
7761,1
7762,1
7763,9
7764,1
7765,3
7766,1
7767,3
7768,5
7769,1
7770,5
7771,9
7772,5
7773,5
7774,5
7775,4
7776,9
7777,9
7778,7
7779,4
7780,1
7781,5
7782,4
7783,5
7784,5
7785,9
7786,3
7787,5
7788,5
7789,4
7790,4
7791,3
7792,3
7793,3
7794,5
7795,2
7796,9
7797,5
7798,5
7799,5
7800,4
7801,5
7802,3
7803,5
7804,1
7805,3
7806,4
7807,5
7808,3
7809,1
7810,5
7811,4
7812,1
7813,1
7814,1
7815,5
7816,0
7817,5
7818,1
7819,1
7820,3
7821,1
7822,3
7823,3
7824,5
7825,5
7826,4
7827,1
7828,5
7829,1
7830,7
7831,5
7832,5
7833,0
7834,1
7835,5
7836,5
7837,4
7838,5
7839,5
7840,1
7841,5
7842,1
7843,7
7844,7
7845,7
7846,5
7847,5
7848,5
7849,4
7850,3
7851,3
7852,3
7853,3
7854,3
7855,4
7856,3
7857,3
7858,3
7859,3
7860,7
7861,5
7862,7
7863,7
7864,5
7865,1
7866,5
7867,4
7868,5
7869,5
7870,1
7871,3
7872,9
7873,5
7874,5
7875,5
7876,1
7877,1
7878,1
7879,5
7880,5
7881,4
7882,4
7883,5
7884,5
7885,7
7886,4
7887,7
7888,5
7889,3
7890,7
7891,5
7892,4
7893,3
7894,9
7895,3
7896,3
7897,3
7898,3
7899,3
7900,5
7901,5
7902,7
7903,3
7904,5
7905,7
7906,7
7907,5
7908,5
7909,7
7910,4
7911,5
7912,3
7913,3
7914,3
7915,4
7916,5
7917,3
7918,1
7919,4
7920,5
7921,3
7922,3
7923,5
7924,3
7925,1
7926,5
7927,3
7928,9
7929,1
7930,4
7931,3
7932,5
7933,3
7934,5
7935,4
7936,1
7937,1
7938,4
7939,3
7940,5
7941,4
7942,3
7943,9
7944,4
7945,3
7946,3
7947,4
7948,5
7949,1
7950,4
7951,0
7952,9
7953,2
7954,5
7955,3
7956,5
7957,1
7958,5
7959,9
7960,3
7961,9
7962,5
7963,1
7964,3
7965,3
7966,1
7967,5
7968,3
7969,5
7970,3
7971,7
7972,3
7973,3
7974,3
7975,5
7976,5
7977,5
7978,3
7979,1
7980,3
7981,5
7982,1
7983,3
7984,3
7985,1
7986,5
7987,1
7988,1
7989,1
7990,1
7991,1
7992,5
7993,3
7994,1
7995,7
7996,5
7997,3
7998,1
7999,1
8000,5
8001,1
8002,7
8003,1
8004,5
8005,4
8006,7
8007,1
8008,1
8009,1
8010,3
8011,3
8012,3
8013,0
8014,5
8015,7
8016,5
8017,3
8018,4
8019,5
8020,1
8021,1
8022,1
8023,5
8024,4
8025,3
8026,5
8027,5
8028,7
8029,5
8030,7
8031,4
8032,5
8033,1
8034,3
8035,5
8036,5
8037,5
8038,5
8039,7
8040,1
8041,1
8042,5
8043,4
8044,3
8045,1
8046,3
8047,3
8048,5
8049,5
8050,3
8051,1
8052,1
8053,1
8054,1
8055,1
8056,3
8057,5
8058,5
8059,1
8060,5
8061,7
8062,7
8063,4
8064,4
8065,3
8066,1
8067,3
8068,0
8069,3
8070,3
8071,9
8072,4
8073,3
8074,5
8075,4
8076,3
8077,3
8078,4
8079,3
8080,5
8081,1
8082,5
8083,3
8084,5
8085,9
8086,4
8087,1
8088,7
8089,1
8090,1
8091,1
8092,3
8093,5
8094,3
8095,7
8096,3
8097,4
8098,1
8099,5
8100,3
8101,3
8102,5
8103,1
8104,1
8105,4
8106,7
8107,5
8108,5
8109,5
8110,3
8111,3
8112,3
8113,5
8114,5
8115,7
8116,4
8117,1
8118,2
8119,5
8120,5
8121,9
8122,3
8123,3
8124,3
8125,5
8126,3
8127,3
8128,9
8129,1
8130,5
8131,3
8132,3
8133,3
8134,3
8135,2
8136,5
8137,4
8138,4
8139,3
8140,1
8141,5
8142,5
8143,5
8144,4
8145,1
8146,5
8147,5
8148,5
8149,4
8150,5
8151,5
8152,5
8153,5
8154,3
8155,1
8156,1
8157,3
8158,1
8159,5
8160,1
8161,5
8162,7
8163,5
8164,9
8165,3
8166,5
8167,3
8168,3
8169,5
8170,5
8171,4
8172,3
8173,3
8174,5
8175,1
8176,5
8177,1
8178,1
8179,5
8180,1
8181,5
8182,4
8183,5
8184,3
8185,4
8186,5
8187,4
8188,5
8189,5
8190,4
8191,1
8192,5
8193,5
8194,3
8195,1
8196,7
8197,3
8198,7
8199,9
8200,1
8201,3
8202,7
8203,1
8204,3
8205,5
8206,7
8207,4
8208,9
8209,5
8210,3
8211,4
8212,5
8213,5
8214,9
8215,3
8216,2
8217,1
8218,3
8219,4
8220,3
8221,3
8222,7
8223,5
8224,5
8225,3
8226,5
8227,1
8228,1
8229,5
8230,3
8231,3
8232,2
8233,3
8234,4
8235,5
8236,5
8237,3
8238,3
8239,5
8240,5
8241,4
8242,1
8243,5
8244,3
8245,3
8246,3
8247,5
8248,5
8249,4
8250,4
8251,7
8252,3
8253,3
8254,5
8255,3
8256,1
8257,3
8258,3
8259,3
8260,3
8261,1
8262,0
8263,5
8264,1
8265,3
8266,3
8267,5
8268,1
8269,5
8270,3
8271,7
8272,1
8273,5
8274,3
8275,3
8276,1
8277,1
8278,1
8279,1
8280,5
8281,5
8282,3
8283,4
8284,5
8285,4
8286,5
8287,4
8288,5
8289,4
8290,5
8291,5
8292,4
8293,5
8294,1
8295,1
8296,1
8297,5
8298,4
8299,3
8300,4
8301,4
8302,5
8303,1
8304,4
8305,3
8306,4
8307,5
8308,1
8309,1
8310,5
8311,5
8312,4
8313,3
8314,5
8315,5
8316,5
8317,3
8318,4
8319,1
8320,1
8321,4
8322,1
8323,4
8324,1
8325,3
8326,1
8327,1
8328,1
8329,3
8330,5
8331,1
8332,3
8333,3
8334,4
8335,5
8336,0
8337,5
8338,5
8339,1
8340,4
8341,5
8342,3
8343,5
8344,4
8345,5
8346,5
8347,1
8348,3
8349,4
8350,5
8351,3
8352,4
8353,5
8354,1
8355,4
8356,5
8357,4
8358,5
8359,5
8360,4
8361,5
8362,5
8363,1
8364,5
8365,1
8366,5
8367,5
8368,5
8369,5
8370,1
8371,5
8372,4
8373,5
8374,3
8375,3
8376,5
8377,9
8378,3
8379,5
8380,3
8381,4
8382,1
8383,5
8384,1
8385,1
8386,4
8387,5
8388,4
8389,1
8390,5
8391,1
8392,5
8393,9
8394,7
8395,1
8396,5
8397,5
8398,5
8399,3
8400,4
8401,7
8402,7
8403,1
8404,4
8405,3
8406,3
8407,5
8408,5
8409,1
8410,5
8411,5
8412,5
8413,7
8414,3
8415,4
8416,5
8417,5
8418,1
8419,1
8420,7
8421,9
8422,1
8423,1
8424,1
8425,1
8426,9
8427,4
8428,4
8429,5
8430,4
8431,5
8432,4
8433,5
8434,5
8435,7
8436,1
8437,1
8438,4
8439,9
8440,4
8441,7
8442,4
8443,4
8444,7
8445,4
8446,1
8447,5
8448,7
8449,4
8450,4
8451,4
8452,5
8453,7
8454,3
8455,3
8456,3
8457,1
8458,5
8459,9
8460,5
8461,5
8462,4
8463,5
8464,5
8465,3
8466,3
8467,5
8468,4
8469,5
8470,4
8471,5
8472,5
8473,4
8474,1
8475,3
8476,4
8477,1
8478,5
8479,3
8480,4
8481,5
8482,5
8483,4
8484,7
8485,4
8486,1
8487,5
8488,3
8489,5
8490,5
8491,4
8492,1
8493,5
8494,5
8495,5
8496,4
8497,5
8498,5
8499,7
8500,5
8501,5
8502,5
8503,3
8504,4
8505,5
8506,5
8507,9
8508,5
8509,5
8510,7
8511,3
8512,3
8513,3
8514,3
8515,1
8516,5
8517,5
8518,7
8519,5
8520,5
8521,1
8522,7
8523,3
8524,5
8525,5
8526,5
8527,5
8528,1
8529,4
8530,1
8531,4
8532,5
8533,7
8534,5
8535,5
8536,5
8537,5
8538,7
8539,1
8540,3
8541,7
8542,4
8543,5
8544,7
8545,5
8546,4
8547,4
8548,3
8549,7
8550,4
8551,4
8552,7
8553,5
8554,5
8555,7
8556,4
8557,3
8558,4
8559,4
8560,5
8561,4
8562,3
8563,5
8564,3
8565,5
8566,7
8567,3
8568,5
8569,4
8570,7
8571,7
8572,5
8573,1
8574,4
8575,7
8576,1
8577,1
8578,3
8579,3
8580,5
8581,3
8582,1
8583,5
8584,5
8585,4
8586,5
8587,7
8588,3
8589,7
8590,1
8591,5
8592,5
8593,9
8594,7
8595,5
8596,5
8597,3
8598,5
8599,5
8600,4
8601,7
8602,4
8603,5
8604,5
8605,7
8606,5
8607,5
8608,5
8609,4
8610,5
8611,9
8612,5
8613,4
8614,5
8615,7
8616,9
8617,5
8618,7
8619,7
8620,7
8621,4
8622,7
8623,7
8624,5
8625,1
8626,1
8627,5
8628,5
8629,4
8630,5
8631,4
8632,5
8633,4
8634,7
8635,9
8636,5
8637,5
8638,7
8639,5
8640,5
8641,4
8642,4
8643,7
8644,5
8645,5
8646,7
8647,5
8648,4
8649,5
8650,4
8651,3
8652,5
8653,5
8654,4
8655,5
8656,5
8657,1
8658,5
8659,5
8660,7
8661,7
8662,3
8663,5
8664,1
8665,4
8666,4
8667,5
8668,5
8669,5
8670,3
8671,4
8672,5
8673,4
8674,4
8675,4
8676,1
8677,5
8678,3
8679,4
8680,1
8681,5
8682,9
8683,5
8684,5
8685,5
8686,7
8687,5
8688,1
8689,5
8690,5
8691,9
8692,4
8693,4
8694,4
8695,4
8696,5
8697,4
8698,7
8699,4
8700,4
8701,4
8702,4
8703,5
8704,4
8705,7
8706,5
8707,5
8708,5
8709,5
8710,5
8711,4
8712,5
8713,5
8714,7
8715,7
8716,4
8717,7
8718,7
8719,1
8720,4
8721,7
8722,4
8723,5
8724,4
8725,3
8726,7
8727,7
8728,1
8729,7
8730,5
8731,4
8732,4
8733,5
8734,1
8735,5
8736,1
8737,4
8738,4
8739,5
8740,4
8741,7
8742,1
8743,1
8744,9
8745,4
8746,1
8747,4
8748,7
8749,5
8750,4
8751,3
8752,5
8753,1
8754,4
8755,4
8756,9
8757,5
8758,5
8759,5
8760,5
8761,5
8762,7
8763,7
8764,5
8765,5
8766,7
8767,4
8768,3
8769,3
8770,1
8771,4
8772,9
8773,1
8774,1
8775,1
8776,5
8777,9
8778,9
8779,5
8780,4
8781,5
8782,9
8783,5
8784,9
8785,5
8786,5
8787,3
8788,4
8789,5
8790,1
8791,5
8792,5
8793,7
8794,7
8795,4
8796,1
8797,1
8798,3
8799,1
8800,1
8801,4
8802,5
8803,1
8804,3
8805,5
8806,5
8807,5
8808,3
8809,4
8810,5
8811,3
8812,4
8813,1
8814,3
8815,1
8816,5
8817,1
8818,3
8819,7
8820,4
8821,5
8822,3
8823,1
8824,4
8825,5
8826,5
8827,3
8828,1
8829,4
8830,4
8831,5
8832,5
8833,3
8834,7
8835,5
8836,3
8837,1
8838,5
8839,1
8840,1
8841,5
8842,5
8843,7
8844,1
8845,1
8846,1
8847,3
8848,7
8849,4
8850,5
8851,5
8852,1
8853,1
8854,7
8855,4
8856,5
8857,4
8858,4
8859,5
8860,5
8861,4
8862,1
8863,5
8864,9
8865,3
8866,7
8867,7
8868,5
8869,3
8870,1
8871,5
8872,1
8873,3
8874,3
8875,5
8876,1
8877,3
8878,7
8879,1
8880,5
8881,5
8882,9
8883,3
8884,5
8885,5
8886,5
8887,5
8888,5
8889,5
8890,1
8891,5
8892,5
8893,5
8894,9
8895,5
8896,5
8897,7
8898,7
8899,5
8900,0
8901,9
8902,1
8903,4
8904,4
8905,5
8906,3
8907,9
8908,3
8909,4
8910,7
8911,3
8912,3
8913,4
8914,5
8915,3
8916,3
8917,5
8918,3
8919,7
8920,3
8921,9
8922,5
8923,3
8924,5
8925,7
8926,4
8927,4
8928,3
8929,3
8930,3
8931,9
8932,5
8933,7
8934,4
8935,9
8936,4
8937,5
8938,5
8939,5
8940,1
8941,4
8942,9
8943,5
8944,4
8945,1
8946,5
8947,5
8948,4
8949,1
8950,7
8951,7
8952,5
8953,5
8954,4
8955,4
8956,5
8957,5
8958,1
8959,4
8960,4
8961,5
8962,4
8963,5
8964,7
8965,4
8966,5
8967,5
8968,9
8969,5
8970,1
8971,1
8972,7
8973,5
8974,3
8975,5
8976,5
8977,1
8978,1
8979,4
8980,5
8981,5
8982,1
8983,4
8984,5
8985,5
8986,7
8987,7
8988,5
8989,1
8990,5
8991,7
8992,1
8993,4
8994,3
8995,3
8996,4
8997,5
8998,4
8999,5
9000,4
9001,4
9002,4
9003,5
9004,5
9005,5
9006,7
9007,7
9008,5
9009,5
9010,5
9011,5
9012,1
9013,5
9014,7
9015,5
9016,3
9017,5
9018,4
9019,5
9020,1
9021,5
9022,4
9023,3
9024,4
9025,5
9026,4
9027,5
9028,7
9029,1
9030,5
9031,5
9032,5
9033,5
9034,1
9035,5
9036,1
9037,5
9038,9
9039,4
9040,5
9041,7
9042,1
9043,3
9044,1
9045,1
9046,5
9047,5
9048,3
9049,7
9050,5
9051,5
9052,5
9053,7
9054,4
9055,4
9056,5
9057,3
9058,5
9059,7
9060,4
9061,4
9062,9
9063,1
9064,1
9065,7
9066,1
9067,1
9068,5
9069,9
9070,5
9071,1
9072,5
9073,1
9074,1
9075,1
9076,5
9077,5
9078,5
9079,1
9080,4
9081,1
9082,5
9083,4
9084,1
9085,3
9086,7
9087,7
9088,4
9089,5
9090,5
9091,1
9092,5
9093,4
9094,5
9095,5
9096,5
9097,3
9098,5
9099,5
9100,5
9101,4
9102,9
9103,4
9104,5
9105,1
9106,4
9107,1
9108,3
9109,5
9110,7
9111,3
9112,7
9113,1
9114,5
9115,5
9116,5
9117,4
9118,1
9119,5
9120,3
9121,7
9122,4
9123,1
9124,7
9125,3
9126,1
9127,1
9128,1
9129,5
9130,3
9131,9
9132,7
9133,1
9134,4
9135,4
9136,5
9137,1
9138,3
9139,5
9140,4
9141,4
9142,4
9143,5
9144,7
9145,4
9146,7
9147,3
9148,4
9149,5
9150,5
9151,1
9152,3
9153,9
9154,7
9155,5
9156,1
9157,4
9158,4
9159,5
9160,4
9161,7
9162,5
9163,7
9164,5
9165,5
9166,9
9167,7
9168,4
9169,4
9170,5
9171,5
9172,4
9173,4
9174,7
9175,5
9176,5
9177,5
9178,5
9179,5
9180,4
9181,5
9182,5
9183,4
9184,4
9185,4
9186,5
9187,5
9188,3
9189,5
9190,5
9191,5
9192,5
9193,4
9194,4
9195,4
9196,4
9197,4
9198,7
9199,4
9200,7
9201,4
9202,1
9203,5
9204,4
9205,5
9206,4
9207,1
9208,1
9209,5
9210,5
9211,7
9212,4
9213,7
9214,7
9215,4
9216,7
9217,4
9218,1
9219,1
9220,1
9221,1
9222,1
9223,1
9224,1
9225,1
9226,4
9227,4
9228,1
9229,1
9230,1
9231,1
9232,7
9233,4
9234,1
9235,1
9236,4
9237,3
9238,1
9239,5
9240,3
9241,2
9242,1
9243,1
9244,1
9245,2
9246,5
9247,1
9248,1
9249,3
9250,5
9251,5
9252,4
9253,4
9254,9
9255,5
9256,5
9257,3
9258,4
9259,1
9260,1
9261,9
9262,4
9263,1
9264,1
9265,9
9266,1
9267,4
9268,5
9269,1
9270,1
9271,3
9272,1
9273,4
9274,1
9275,5
9276,4
9277,3
9278,3
9279,1
9280,1
9281,1
9282,3
9283,1
9284,1
9285,4
9286,4
9287,1
9288,3
9289,3
9290,3
9291,3
9292,3
9293,3
9294,4
9295,4
9296,7
9297,1
9298,5
9299,3
9300,5
9301,5
9302,5
9303,4
9304,3
9305,5
9306,3
9307,3
9308,4
9309,4
9310,3
9311,3
9312,1
9313,5
9314,5
9315,9
9316,3
9317,3
9318,1
9319,1
9320,3
9321,1
9322,1
9323,1
9324,3
9325,1
9326,5
9327,4
9328,1
9329,1
9330,1
9331,1
9332,3
9333,5
9334,1
9335,5
9336,1
9337,1
9338,3
9339,5
9340,5
9341,4
9342,1
9343,1
9344,4
9345,1
9346,4
9347,1
9348,3
9349,1
9350,1
9351,4
9352,5
9353,1
9354,4
9355,3
9356,4
9357,4
9358,4
9359,4
9360,4
9361,7
9362,4
9363,4
9364,4
9365,4
9366,4
9367,4
9368,4
9369,4
9370,4
9371,4
9372,5
9373,4
9374,4
9375,4
9376,4
9377,4
9378,4
9379,1
9380,1
9381,4
9382,4
9383,4
9384,4
9385,4
9386,4
9387,4
9388,4
9389,4
9390,4
9391,4
9392,4
9393,4
9394,1
9395,3
9396,5
9397,1
9398,1
9399,5
9400,1
9401,4
9402,3
9403,1
9404,1
9405,5
9406,5
9407,4
9408,1
9409,1
9410,4
9411,3
9412,1
9413,1
9414,1
9415,4
9416,1
9417,7
9418,5
9419,9
9420,4
9421,1
9422,5
9423,4
9424,9
9425,3
9426,3
9427,1
9428,5
9429,3
9430,3
9431,3
9432,4
9433,1
9434,4
9435,5
9436,5
9437,5
9438,4
9439,5
9440,3
9441,5
9442,5
9443,4
9444,4
9445,5
9446,3
9447,4
9448,4
9449,4
9450,3
9451,7
9452,5
9453,5
9454,5
9455,5
9456,5
9457,5
9458,4
9459,5
9460,3
9461,4
9462,1
9463,4
9464,4
9465,5
9466,5
9467,5
9468,5
9469,1
9470,3
9471,7
9472,4
9473,5
9474,5
9475,1
9476,1
9477,1
9478,3
9479,1
9480,3
9481,4
9482,3
9483,4
9484,4
9485,7
9486,3
9487,7
9488,4
9489,1
9490,3
9491,7
9492,4
9493,1
9494,4
9495,4
9496,3
9497,3
9498,5
9499,4
9500,1
9501,5
9502,1
9503,4
9504,3
9505,7
9506,4
9507,5
9508,4
9509,1
9510,7
9511,5
9512,7
9513,4
9514,5
9515,4
9516,5
9517,4
9518,7
9519,5
9520,3
9521,1
9522,1
9523,5
9524,4
9525,3
9526,5
9527,4
9528,3
9529,7
9530,3
9531,5
9532,4
9533,7
9534,5
9535,4
9536,4
9537,1
9538,1
9539,5
9540,4
9541,4
9542,1
9543,4
9544,3
9545,3
9546,5
9547,4
9548,1
9549,1
9550,1
9551,5
9552,9
9553,5
9554,5
9555,5
9556,3
9557,4
9558,4
9559,4
9560,3
9561,4
9562,1
9563,4
9564,5
9565,5
9566,5
9567,3
9568,7
9569,3
9570,4
9571,4
9572,1
9573,4
9574,3
9575,4
9576,3
9577,5
9578,5
9579,5
9580,5
9581,7
9582,3
9583,5
9584,4
9585,5
9586,4
9587,4
9588,7
9589,5
9590,4
9591,1
9592,5
9593,5
9594,1
9595,5
9596,1
9597,1
9598,5
9599,5
9600,5
9601,4
9602,3
9603,5
9604,3
9605,4
9606,4
9607,5
9608,4
9609,5
9610,5
9611,5
9612,5
9613,1
9614,5
9615,5
9616,5
9617,5
9618,5
9619,4
9620,5
9621,5
9622,5
9623,5
9624,4
9625,4
9626,5
9627,3
9628,1
9629,5
9630,5
9631,4
9632,3
9633,4
9634,3
9635,4
9636,5
9637,7
9638,1
9639,1
9640,1
9641,1
9642,1
9643,1
9644,1
9645,1
9646,1
9647,4
9648,1
9649,1
9650,5
9651,1
9652,5
9653,1
9654,1
9655,5
9656,1
9657,1
9658,1
9659,3
9660,1
9661,1
9662,1
9663,1
9664,1
9665,1
9666,1
9667,1
9668,4
9669,1
9670,1
9671,1
9672,1
9673,1
9674,1
9675,1
9676,1
9677,1
9678,1
9679,1
9680,5
9681,1
9682,1
9683,5
9684,1
9685,1
9686,5
9687,5
9688,1
9689,1
9690,1
9691,1
9692,1
9693,1
9694,5
9695,5
9696,1
9697,1
9698,1
9699,1
9700,1
9701,7
9702,1
9703,1
9704,1
9705,1
9706,1
9707,7
9708,1
9709,1
9710,1
9711,1
9712,4
9713,1
9714,1
9715,1
9716,4
9717,1
9718,1
9719,1
9720,5
9721,5
9722,1
9723,1
9724,5
9725,1
9726,5
9727,5
9728,1
9729,5
9730,5
9731,5
9732,5
9733,5
9734,1
9735,4
9736,4
9737,5
9738,5
9739,5
9740,5
9741,4
9742,5
9743,4
9744,4
9745,5
9746,4
9747,5
9748,1
9749,2
9750,5
9751,4
9752,1
9753,5
9754,5
9755,4
9756,4
9757,0
9758,5
9759,7
9760,4
9761,4
9762,1
9763,1
9764,4
9765,1
9766,5
9767,5
9768,4
9769,1
9770,4
9771,4
9772,4
9773,4
9774,4
9775,1
9776,4
9777,5
9778,3
9779,4
9780,4
9781,1
9782,4
9783,4
9784,5
9785,1
9786,1
9787,5
9788,4
9789,3
9790,4
9791,5
9792,1
9793,5
9794,4
9795,5
9796,4
9797,4
9798,4
9799,1
9800,4
9801,4
9802,1
9803,4
9804,4
9805,4
9806,5
9807,3
9808,3
9809,1
9810,1
9811,1
9812,1
9813,1
9814,1
9815,3
9816,1
9817,1
9818,1
9819,5
9820,1
9821,5
9822,1
9823,5
9824,5
9825,5
9826,5
9827,5
9828,1
9829,7
9830,3
9831,3
9832,1
9833,5
9834,3
9835,4
9836,1
9837,1
9838,5
9839,4
9840,1
9841,1
9842,1
9843,1
9844,1
9845,1
9846,5
9847,4
9848,3
9849,1
9850,1
9851,1
9852,4
9853,1
9854,1
9855,9
9856,1
9857,1
9858,4
9859,5
9860,1
9861,5
9862,3
9863,1
9864,1
9865,5
9866,3
9867,1
9868,5
9869,1
9870,1
9871,5
9872,1
9873,5
9874,5
9875,5
9876,1
9877,1
9878,1
9879,1
9880,1
9881,5
9882,4
9883,1
9884,5
9885,1
9886,5
9887,1
9888,1
9889,5
9890,5
9891,3
9892,9
9893,1
9894,1
9895,1
9896,1
9897,1
9898,1
9899,1
9900,9
9901,7
9902,9
9903,7
9904,7
9905,9
9906,7
9907,9
9908,7
9909,9
9910,7
9911,7
9912,7
9913,7
9914,7
9915,5
9916,7
9917,5
9918,1
9919,1
9920,1
9921,1
9922,4
9923,4
9924,1
9925,4
9926,1
9927,1
9928,5
9929,4
9930,1
9931,5
9932,5
9933,4
9934,1
9935,1
9936,5
9937,5
9938,4
9939,4
9940,4
9941,5
9942,4
9943,4
9944,5
9945,9
9946,0
9947,4
9948,4
9949,5
9950,4
9951,4
9952,5
9953,4
9954,4
9955,4
9956,4
9957,1
9958,5
9959,4
9960,4
9961,1
9962,1
9963,5
9964,1
9965,1
9966,4
9967,1
9968,1
9969,1
9970,5
9971,5
9972,1
9973,5
9974,1
9975,0
9976,1
9977,1
9978,1
9979,3
9980,4
9981,5
9982,5
9983,5
9984,5
9985,5
9986,1
9987,4
9988,4
9989,5
9990,1
9991,4
9992,4
9993,4
9994,4
9995,4
9996,7
9997,5
9998,5
9999,5
10000,5
10001,5
10002,4
10003,5
10004,5
10005,4
10006,5
10007,4
10008,5
10009,5
10010,5
10011,4
10012,4
10013,4
10014,4
10015,1
10016,1
10017,1
10018,1
10019,5
10020,5
10021,5
10022,5
10023,1
10024,1
10025,1
10026,1
10027,1
10028,5
10029,1
10030,1
10031,1
10032,1
10033,1
10034,0
10035,1
10036,1
10037,1
10038,1
10039,1
10040,5
10041,5
10042,5
10043,4
10044,1
10045,1
10046,1
10047,1
10048,1
10049,5
10050,4
10051,1
10052,1
10053,1
10054,5
10055,4
10056,5
10057,5
10058,5
10059,5
10060,1
10061,5
10062,4
10063,1
10064,1
10065,5
10066,1
10067,4
10068,5
10069,5
10070,4
10071,4
10072,4
10073,4
10074,3
10075,3
10076,4
10077,4
10078,4
10079,3
10080,4
10081,3
10082,3
10083,4
10084,3
10085,3
10086,3
10087,4
10088,4
10089,4
10090,4
10091,4
10092,4
10093,3
10094,4
10095,3
10096,3
10097,4
10098,4
10099,3
10100,3
10101,4
10102,3
10103,3
10104,3
10105,3
10106,3
10107,4
10108,3
10109,3
10110,4
10111,4
10112,4
10113,4
10114,4
10115,4
10116,4
10117,4
10118,4
10119,4
10120,4
10121,4
10122,5
10123,4
10124,4
10125,4
10126,4
10127,4
10128,4
10129,4
10130,4
10131,4
10132,4
10133,4
10134,4
10135,4
10136,4
10137,4
10138,4
10139,1
10140,1
10141,1
10142,7
10143,5
10144,1
10145,1
10146,1
10147,5
10148,1
10149,1
10150,1
10151,3
10152,1
10153,5
10154,3
10155,1
10156,1
10157,3
10158,5
10159,5
10160,1
10161,1
10162,5
10163,1
10164,4
10165,5
10166,1
10167,4
10168,5
10169,5
10170,5
10171,5
10172,5
10173,5
10174,5
10175,5
10176,4
10177,3
10178,1
10179,5
10180,5
10181,5
10182,5
10183,4
10184,4
10185,4
10186,4
10187,4
10188,4
10189,4
10190,4
10191,1
10192,5
10193,4
10194,1
10195,1
10196,9
10197,3
10198,4
10199,3
10200,5
10201,4
10202,3
10203,1
10204,4
10205,5
10206,4
10207,4
10208,3
10209,3
10210,1
10211,1
10212,5
10213,4
10214,4
10215,5
10216,1
10217,1
10218,1
10219,0
10220,1
10221,1
10222,1
10223,1
10224,1
10225,1
10226,1
10227,1
10228,1
10229,5
10230,1
10231,4
10232,0
10233,1
10234,0
10235,1
10236,1
10237,1
10238,1
10239,1
10240,1
10241,1
10242,1
10243,0
10244,1
10245,1
10246,1
10247,0
10248,1
10249,1
10250,1
10251,0
10252,1
10253,1
10254,1
10255,1
10256,1
10257,1
10258,4
10259,1
10260,1
10261,1
10262,4
10263,3
10264,0
10265,1
10266,1
10267,1
10268,1
10269,4
10270,0
10271,4
10272,4
10273,1
10274,4
10275,1
10276,4
10277,4
10278,1
10279,4
10280,1
10281,1
10282,1
10283,1
10284,7
10285,1
10286,1
10287,4
10288,0
10289,1
10290,5
10291,3
10292,1
10293,1
10294,5
10295,0
10296,1
10297,3
10298,4
10299,5
10300,1
10301,1
10302,1
10303,1
10304,7
10305,5
10306,5
10307,7
10308,5
10309,4
10310,7
10311,9
10312,5
10313,5
10314,4
10315,5
10316,7
10317,4
10318,5
10319,5
10320,1
10321,7
10322,5
10323,5
10324,5
10325,5
10326,7
10327,7
10328,4
10329,4
10330,4
10331,7
10332,7
10333,7
10334,4
10335,4
10336,5
10337,5
10338,4
10339,4
10340,4
10341,4
10342,4
10343,4
10344,4
10345,4
10346,4
10347,4
10348,5
10349,3
10350,4
10351,4
10352,4
10353,7
10354,4
10355,7
10356,5
10357,4
10358,4
10359,4
10360,4
10361,4
10362,7
10363,1
10364,4
10365,4
10366,1
10367,3
10368,1
10369,4
10370,7
10371,4
10372,4
10373,4
10374,1
10375,5
10376,1
10377,1
10378,3
10379,1
10380,5
10381,5
10382,4
10383,4
10384,4
10385,4
10386,4
10387,4
10388,4
10389,4
10390,5
10391,4
10392,5
10393,5
10394,5
10395,1
10396,4
10397,3
10398,1
10399,5
10400,7
10401,1
10402,0
10403,1
10404,5
10405,1
10406,4
10407,1
10408,4
10409,1
10410,5
10411,1
10412,4
10413,1
10414,1
10415,1
10416,3
10417,5
10418,1
10419,3
10420,1
10421,5
10422,1
10423,5
10424,2
10425,1
10426,1
10427,5
10428,5
10429,1
10430,1
10431,1
10432,1
10433,1
10434,4
10435,1
10436,4
10437,3
10438,3
10439,3
10440,3
10441,5
10442,9
10443,3
10444,3
10445,5
10446,5
10447,4
10448,3
10449,1
10450,5
10451,4
10452,5
10453,1
10454,3
10455,1
10456,5
10457,3
10458,5
10459,3
10460,1
10461,4
10462,1
10463,1
10464,1
10465,1
10466,1
10467,1
10468,1
10469,1
10470,1
10471,1
10472,1
10473,1
10474,1
10475,1
10476,1
10477,1
10478,1
10479,4
10480,1
10481,1
10482,1
10483,1
10484,1
10485,1
10486,1
10487,1
10488,1
10489,1
10490,0
10491,1
10492,1
10493,1
10494,1
10495,1
10496,1
10497,1
10498,1
10499,1
10500,1
10501,0
10502,1
10503,1
10504,0
10505,1
10506,1
10507,1
10508,0
10509,1
10510,0
10511,1
10512,1
10513,1
10514,1
10515,1
10516,1
10517,2
10518,1
10519,1
10520,1
10521,1
10522,1
10523,4
10524,1
10525,1
10526,4
10527,4
10528,5
10529,5
10530,4
10531,7
10532,5
10533,4
10534,5
10535,4
10536,5
10537,9
10538,4
10539,5
10540,4
10541,5
10542,4
10543,4
10544,5
10545,4
10546,5
10547,4
10548,4
10549,4
10550,4
10551,3
10552,5
10553,4
10554,4
10555,7
10556,3
10557,4
10558,4
10559,9
10560,4
10561,7
10562,9
10563,1
10564,1
10565,3
10566,7
10567,9
10568,4
10569,9
10570,5
10571,4
10572,1
10573,4
10574,9
10575,5
10576,7
10577,4
10578,4
10579,4
10580,4
10581,4
10582,4
10583,5
10584,5
10585,5
10586,1
10587,1
10588,1
10589,5
10590,5
10591,4
10592,7
10593,4
10594,4
10595,7
10596,1
10597,7
10598,5
10599,7
10600,4
10601,5
10602,5
10603,4
10604,1
10605,5
10606,4
10607,4
10608,1
10609,5
10610,5
10611,4
10612,1
10613,7
10614,7
10615,5
10616,3
10617,5
10618,4
10619,1
10620,7
10621,9
10622,4
10623,1
10624,5
10625,4
10626,1
10627,9
10628,5
10629,4
10630,1
10631,7
10632,1
10633,9
10634,4
10635,3
10636,1
10637,4
10638,5
10639,4
10640,1
10641,9
10642,7
10643,7
10644,4
10645,3
10646,3
10647,3
10648,7
10649,4
10650,3
10651,9
10652,7
10653,9
10654,9
10655,4
10656,1
10657,9
10658,9
10659,5
10660,9
10661,5
10662,5
10663,1
10664,4
10665,4
10666,1
10667,4
10668,4
10669,4
10670,1
10671,1
10672,5
10673,1
10674,4
10675,1
10676,1
10677,1
10678,1
10679,1
10680,1
10681,1
10682,1
10683,1
10684,1
10685,1
10686,1
10687,5
10688,1
10689,4
10690,4
10691,0
10692,4
10693,4
10694,1
10695,1
10696,1
10697,1
10698,4
10699,1
10700,1
10701,3
10702,1
10703,2
10704,1
10705,1
10706,0
10707,5
10708,0
10709,4
10710,1
10711,1
10712,1
10713,1
10714,1
10715,1
10716,1
10717,1
10718,1
10719,1
10720,0
10721,1
10722,1
10723,1
10724,1
10725,3
10726,2
10727,1
10728,0
10729,1
10730,5
10731,1
10732,5
10733,5
10734,3
10735,1
10736,0
10737,3
10738,5
10739,0
10740,7
10741,5
10742,1
10743,3
10744,1
10745,5
10746,1
10747,1
10748,3
10749,1
10750,1
10751,1
10752,1
10753,1
10754,3
10755,1
10756,1
10757,3
10758,5
10759,1
10760,5
10761,3
10762,5
10763,1
10764,5
10765,1
10766,4
10767,5
10768,1
10769,4
10770,1
10771,4
10772,4
10773,4
10774,7
10775,1
10776,5
10777,4
10778,1
10779,4
10780,5
10781,4
10782,1
10783,5
10784,3
10785,1
10786,5
10787,3
10788,5
10789,5
10790,1
10791,4
10792,1
10793,5
10794,4
10795,3
10796,5
10797,4
10798,4
10799,4
10800,4
10801,4
10802,5
10803,4
10804,5
10805,3
10806,5
10807,1
10808,7
10809,5
10810,1
10811,1
10812,3
10813,3
10814,5
10815,5
10816,5
10817,1
10818,5
10819,1
10820,1
10821,5
10822,5
10823,5
10824,5
10825,5
10826,5
10827,1
10828,4
10829,3
10830,5
10831,5
10832,5
10833,4
10834,5
10835,1
10836,5
10837,5
10838,5
10839,1
10840,5
10841,3
10842,5
10843,5
10844,5
10845,5
10846,5
10847,5
10848,5
10849,5
10850,4
10851,5
10852,5
10853,7
10854,5
10855,5
10856,4
10857,5
10858,5
10859,4
10860,5
10861,5
10862,9
10863,4
10864,5
10865,5
10866,9
10867,9
10868,4
10869,1
10870,5
10871,3
10872,5
10873,1
10874,5
10875,5
10876,5
10877,7
10878,1
10879,4
10880,4
10881,4
10882,5
10883,9
10884,1
10885,1
10886,5
10887,1
10888,5
10889,5
10890,5
10891,5
10892,4
10893,4
10894,5
10895,4
10896,5
10897,4
10898,5
10899,5
10900,4
10901,9
10902,5
10903,5
10904,4
10905,4
10906,3
10907,3
10908,5
10909,9
10910,9
10911,4
10912,3
10913,1
10914,9
10915,4
10916,5
10917,4
10918,4
10919,5
10920,4
10921,4
10922,1
10923,5
10924,1
10925,5
10926,1
10927,5
10928,1
10929,3
10930,1
10931,1
10932,0
10933,1
10934,1
10935,1
10936,1
10937,1
10938,1
10939,1
10940,0
10941,1
10942,4
10943,1
10944,1
10945,1
10946,1
10947,1
10948,1
10949,1
10950,4
10951,1
10952,1
10953,1
10954,1
10955,1
10956,1
10957,1
10958,1
10959,1
10960,1
10961,1
10962,1
10963,1
10964,1
10965,1
10966,0
10967,1
10968,1
10969,1
10970,1
10971,4
10972,1
10973,1
10974,1
10975,1
10976,1
10977,1
10978,1
10979,1
10980,0
10981,1
10982,4
10983,1
10984,0
10985,1
10986,5
10987,0
10988,0
10989,0
10990,1
10991,1
10992,3
10993,1
10994,5
10995,1
10996,0
10997,4
10998,2
10999,3
11000,1
11001,1
11002,4
11003,7
11004,1
11005,3
11006,0
11007,5
11008,1
11009,4
11010,1
11011,1
11012,3
11013,0
11014,3
11015,1
11016,1
11017,1
11018,1
11019,0
11020,1
11021,1
11022,5
11023,5
11024,5
11025,1
11026,1
11027,0
11028,1
11029,0
11030,5
11031,1
11032,5
11033,5
11034,1
11035,1
11036,1
11037,1
11038,0
11039,1
11040,1
11041,1
11042,1
11043,4
11044,1
11045,4
11046,1
11047,5
11048,5
11049,1
11050,1
11051,1
11052,0
11053,1
11054,7
11055,5
11056,5
11057,5
11058,1
11059,4
11060,4
11061,4
11062,4
11063,3
11064,1
11065,3
11066,3
11067,1
11068,2
11069,4
11070,5
11071,2
11072,3
11073,5
11074,1
11075,5
11076,1
11077,5
11078,5
11079,1
11080,5
11081,4
11082,4
11083,4
11084,4
11085,5
11086,4
11087,4
11088,4
11089,4
11090,4
11091,5
11092,4
11093,5
11094,4
11095,4
11096,7
11097,4
11098,1
11099,3
11100,3
11101,3
11102,4
11103,5
11104,3
11105,7
11106,5
11107,5
11108,4
11109,3
11110,4
11111,5
11112,4
11113,4
11114,4
11115,5
11116,4
11117,4
11118,1
11119,5
11120,5
11121,3
11122,5
11123,5
11124,4
11125,5
11126,4
11127,5
11128,5
11129,4
11130,4
11131,1
11132,4
11133,4
11134,4
11135,5
11136,5
11137,4
11138,5
11139,5
11140,5
11141,1
11142,9
11143,4
11144,4
11145,4
11146,4
11147,4
11148,4
11149,5
11150,5
11151,4
11152,5
11153,5
11154,4
11155,5
11156,4
11157,3
11158,1
11159,4
11160,4
11161,4
11162,1
11163,1
11164,4
11165,1
11166,1
11167,1
11168,5
11169,5
11170,5
11171,1
11172,1
11173,3
11174,5
11175,1
11176,1
11177,1
11178,1
11179,1
11180,4
11181,4
11182,3
11183,1
11184,4
11185,1
11186,1
11187,4
11188,3
11189,1
11190,5
11191,1
11192,9
11193,1
11194,1
11195,1
11196,1
11197,5
11198,1
11199,5
11200,1
11201,4
11202,3
11203,0
11204,4
11205,1
11206,0
11207,1
11208,4
11209,1
11210,3
11211,1
11212,4
11213,0
11214,1
11215,0
11216,0
11217,0
11218,5
11219,1
11220,3
11221,4
11222,1
11223,0
11224,1
11225,1
11226,1
11227,1
11228,0
11229,3
11230,1
11231,4
11232,5
11233,1
11234,1
11235,1
11236,1
11237,3
11238,1
11239,0
11240,1
11241,1
11242,1
11243,3
11244,1
11245,5
11246,3
11247,1
11248,1
11249,4
11250,1
11251,1
11252,1
11253,4
11254,1
11255,3
11256,5
11257,5
11258,0
11259,3
11260,1
11261,1
11262,1
11263,1
11264,1
11265,1
11266,5
11267,1
11268,1
11269,1
11270,2
11271,5
11272,1
11273,1
11274,1
11275,1
11276,5
11277,9
11278,1
11279,1
11280,5
11281,5
11282,1
11283,1
11284,5
11285,5
11286,5
11287,1
11288,5
11289,1
11290,5
11291,1
11292,4
11293,1
11294,1
11295,1
11296,2
11297,4
11298,5
11299,1
11300,1
11301,1
11302,3
11303,5
11304,1
11305,4
11306,5
11307,1
11308,3
11309,4
11310,3
11311,4
11312,1
11313,4
11314,4
11315,1
11316,4
11317,4
11318,4
11319,3
11320,5
11321,1
11322,4
11323,4
11324,1
11325,3
11326,4
11327,4
11328,3
11329,4
11330,3
11331,3
11332,5
11333,3
11334,4
11335,4
11336,1
11337,4
11338,4
11339,5
11340,4
11341,7
11342,1
11343,1
11344,0
11345,1
11346,0
11347,1
11348,0
11349,1
11350,1
11351,1
11352,1
11353,1
11354,1
11355,1
11356,1
11357,1
11358,1
11359,1
11360,1
11361,1
11362,1
11363,1
11364,0
11365,1
11366,1
11367,0
11368,1
11369,1
11370,1
11371,1
11372,1
11373,1
11374,3
11375,1
11376,1
11377,1
11378,1
11379,1
11380,1
11381,1
11382,1
11383,1
11384,1
11385,1
11386,3
11387,1
11388,1
11389,1
11390,1
11391,1
11392,0
11393,3
11394,1
11395,1
11396,1
11397,1
11398,1
11399,4
11400,1
11401,1
11402,4
11403,1
11404,1
11405,1
11406,4
11407,5
11408,1
11409,4
11410,1
11411,1
11412,5
11413,1
11414,5
11415,5
11416,1
11417,1
11418,1
11419,1
11420,3
11421,5
11422,9
11423,4
11424,1
11425,9
11426,5
11427,9
11428,4
11429,5
11430,5
11431,5
11432,5
11433,5
11434,4
11435,5
11436,4
11437,3
11438,5
11439,5
11440,9
11441,9
11442,5
11443,4
11444,7
11445,1
11446,1
11447,5
11448,5
11449,5
11450,5
11451,4
11452,0
11453,5
11454,4
11455,5
11456,5
11457,5
11458,1
11459,5
11460,3
11461,4
11462,5
11463,4
11464,1
11465,4
11466,1
11467,4
11468,5
11469,4
11470,5
11471,9
11472,5
11473,5
11474,9
11475,1
11476,5
11477,7
11478,5
11479,5
11480,4
11481,1
11482,4
11483,5
11484,4
11485,3
11486,5
11487,4
11488,5
11489,1
11490,5
11491,1
11492,1
11493,5
11494,4
11495,1
11496,5
11497,1
11498,1
11499,4
11500,5
11501,5
11502,4
11503,4
11504,4
11505,5
11506,5
11507,4
11508,5
11509,4
11510,5
11511,5
11512,4
11513,5
11514,5
11515,4
11516,5
11517,4
11518,5
11519,4
11520,5
11521,4
11522,4
11523,3
11524,1
11525,5
11526,5
11527,5
11528,5
11529,5
11530,4
11531,4
11532,4
11533,5
11534,5
11535,1
11536,5
11537,5
11538,5
11539,5
11540,5
11541,5
11542,1
11543,5
11544,4
11545,4
11546,4
11547,5
11548,4
11549,0
11550,5
11551,5
11552,5
11553,7
11554,1
11555,5
11556,1
11557,7
11558,7
11559,4
11560,7
11561,9
11562,5
11563,4
11564,7
11565,7
11566,4
11567,5
11568,7
11569,7
11570,5
11571,5
11572,5
11573,9
11574,9
11575,9
11576,4
11577,7
11578,7
11579,5
11580,5
11581,4
11582,5
11583,5
11584,5
11585,5
11586,5
11587,1
11588,0
11589,1
11590,0
11591,0
11592,0
11593,1
11594,0
11595,0
11596,0
11597,1
11598,0
11599,1
11600,0
11601,0
11602,3
11603,1
11604,1
11605,0
11606,4
11607,4
11608,1
11609,5
11610,4
11611,4
11612,5
11613,5
11614,1
11615,5
11616,4
11617,1
11618,5
11619,1
11620,1
11621,1
11622,1
11623,9
11624,4
11625,4
11626,4
11627,4
11628,4
11629,5
11630,3
11631,5
11632,5
11633,4
11634,4
11635,4
11636,1
11637,5
11638,5
11639,4
11640,1
11641,3
11642,7
11643,4
11644,4
11645,4
11646,5
11647,4
11648,4
11649,4
11650,5
11651,4
11652,4
11653,4
11654,4
11655,3
11656,4
11657,4
11658,4
11659,4
11660,4
11661,4
11662,4
11663,4
11664,0
11665,1
11666,1
11667,1
11668,1
11669,1
11670,1
11671,0
11672,1
11673,1
11674,1
11675,1
11676,1
11677,1
11678,1
11679,1
11680,1
11681,1
11682,1
11683,1
11684,1
11685,1
11686,4
11687,0
11688,1
11689,1
11690,1
11691,1
11692,1
11693,1
11694,1
11695,1
11696,1
11697,1
11698,0
11699,1
11700,0
11701,1
11702,5
11703,1
11704,0
11705,1
11706,1
11707,0
11708,0
11709,7
11710,5
11711,5
11712,5
11713,1
11714,4
11715,3
11716,5
11717,4
11718,4
11719,5
11720,5
11721,7
11722,5
11723,5
11724,5
11725,1
11726,5
11727,4
11728,5
11729,5
11730,5
11731,4
11732,4
11733,3
11734,4
11735,7
11736,5
11737,3
11738,3
11739,5
11740,5
11741,5
11742,3
11743,5
11744,5
11745,3
11746,1
11747,4
11748,5
11749,5
11750,5
11751,5
11752,4
11753,5
11754,7
11755,3
11756,5
11757,3
11758,5
11759,5
11760,4
11761,4
11762,5
11763,5
11764,4
11765,1
11766,4
11767,5
11768,5
11769,5
11770,4
11771,5
11772,1
11773,1
11774,5
11775,4
11776,4
11777,4
11778,9
11779,4
11780,4
11781,4
11782,5
11783,5
11784,5
11785,3
11786,4
11787,4
11788,4
11789,5
11790,5
11791,5
11792,9
11793,3
11794,5
11795,4
11796,5
11797,4
11798,1
11799,1
11800,3
11801,5
11802,4
11803,4
11804,1
11805,1
11806,3
11807,3
11808,4
11809,3
11810,3
11811,4
11812,5
11813,5
11814,5
11815,5
11816,5
11817,4
11818,5
11819,3
11820,4
11821,3
11822,9
11823,5
11824,3
11825,1
11826,1
11827,1
11828,5
11829,5
11830,1
11831,4
11832,0
11833,1
11834,1
11835,1
11836,7
11837,1
11838,1
11839,1
11840,4
11841,1
11842,1
11843,1
11844,0
11845,1
11846,1
11847,1
11848,4
11849,5
11850,1
11851,4
11852,1
11853,5
11854,1
11855,1
11856,1
11857,4
11858,3
11859,0
11860,1
11861,0
11862,4
11863,0
11864,1
11865,3
11866,1
11867,1
11868,5
11869,1
11870,5
11871,1
11872,1
11873,5
11874,4
11875,1
11876,1
11877,1
11878,1
11879,5
11880,5
11881,1
11882,1
11883,1
11884,1
11885,4
11886,1
11887,1
11888,1
11889,1
11890,1
11891,1
11892,1
11893,1
11894,1
11895,1
11896,1
11897,1
11898,1
11899,1
11900,1
11901,1
11902,1
11903,1
11904,1
11905,5
11906,1
11907,1
11908,1
11909,1
11910,5
11911,1
11912,1
11913,1
11914,1
11915,1
11916,1
11917,1
11918,1
11919,1
11920,1
11921,9
11922,1
11923,1
11924,1
11925,1
11926,1
11927,1
11928,1
11929,1
11930,1
11931,1
11932,1
11933,1
11934,1
11935,1
11936,1
11937,1
11938,1
11939,1
11940,1
11941,1
11942,1
11943,1
11944,1
11945,1
11946,1
11947,2
11948,1
11949,1
11950,1
11951,1
11952,1
11953,1
11954,1
11955,1
11956,1
11957,1
11958,1
11959,1
11960,5
11961,1
11962,1
11963,1
11964,1
11965,1
11966,1
11967,1
11968,1
11969,1
11970,1
11971,1
11972,1
11973,1
11974,1
11975,1
11976,1
11977,1
11978,1
11979,1
11980,1
11981,1
11982,1
11983,1
11984,1
11985,1
11986,1
11987,1
11988,4
11989,1
11990,5
11991,1
11992,1
11993,1
11994,1
11995,1
11996,1
11997,1
11998,1
11999,1
12000,1
12001,1
12002,1
12003,1
12004,1
12005,1
12006,1
12007,1
12008,1
12009,1
12010,1
12011,1
12012,1
12013,1
12014,1
12015,1
12016,1
12017,1
12018,1
12019,1
12020,1
12021,1
12022,1
12023,1
12024,1
12025,1
12026,5
12027,5
12028,1
12029,1
12030,1
12031,1
12032,5
12033,3
12034,1
12035,1
12036,1
12037,1
12038,1
12039,5
12040,1
12041,1
12042,1
12043,1
12044,1
12045,1
12046,1
12047,1
12048,1
12049,1
12050,1
12051,1
12052,5
12053,1
12054,1
12055,5
12056,1
12057,1
12058,5
12059,4
12060,4
12061,5
12062,1
12063,2
12064,4
12065,7
12066,4
12067,5
12068,5
12069,4
12070,4
12071,5
12072,5
12073,3
12074,4
12075,5
12076,5
12077,5
12078,5
12079,5
12080,9
12081,5
12082,5
12083,4
12084,1
12085,5
12086,4
12087,5
12088,5
12089,5
12090,5
12091,3
12092,5
12093,5
12094,3
12095,5
12096,4
12097,1
12098,9
12099,5
12100,5
12101,5
12102,5
12103,4
12104,4
12105,5
12106,4
12107,5
12108,5
12109,7
12110,3
12111,4
12112,4
12113,5
12114,5
12115,5
12116,7
12117,1
12118,1
12119,1
12120,1
12121,1
12122,1
12123,5
12124,4
12125,1
12126,3
12127,5
12128,5
12129,1
12130,1
12131,5
12132,4
12133,4
12134,3
12135,1
12136,1
12137,1
12138,4
12139,3
12140,1
12141,5
12142,3
12143,3
12144,4
12145,1
12146,1
12147,1
12148,5
12149,1
12150,5
12151,1
12152,1
12153,1
12154,5
12155,1
12156,5
12157,5
12158,1
12159,4
12160,1
12161,1
12162,1
12163,1
12164,1
12165,1
12166,1
12167,4
12168,5
12169,4
12170,1
12171,4
12172,1
12173,1
12174,1
12175,4
12176,1
12177,1
12178,4
12179,9
12180,1
12181,5
12182,1
12183,3
12184,1
12185,3
12186,1
12187,1
12188,0
12189,1
12190,1
12191,1
12192,0
12193,0
12194,1
12195,1
12196,1
12197,0
12198,1
12199,1
12200,1
12201,1
12202,0
12203,1
12204,1
12205,3
12206,1
12207,1
12208,5
12209,4
12210,0
12211,1
12212,1
12213,1
12214,0
12215,1
12216,1
12217,1
12218,1
12219,1
12220,1
12221,1
12222,3
12223,1
12224,1
12225,1
12226,1
12227,1
12228,1
12229,1
12230,1
12231,0
12232,1
12233,1
12234,1
12235,1
12236,1
12237,4
12238,1
12239,5
12240,1
12241,4
12242,2
12243,5
12244,5
12245,5
12246,5
12247,5
12248,5
12249,5
12250,5
12251,1
12252,1
12253,1
12254,5
12255,5
12256,5
12257,1
12258,1
12259,4
12260,1
12261,5
12262,9
12263,9
12264,9
12265,4
12266,1
12267,9
12268,5
12269,4
12270,5
12271,5
12272,4
12273,5
12274,1
12275,1
12276,9
12277,5
12278,5
12279,5
12280,1
12281,5
12282,9
12283,5
12284,5
12285,5
12286,1
12287,4
12288,5
12289,5
12290,9
12291,4
12292,5
12293,4
12294,3
12295,4
12296,3
12297,5
12298,5
12299,5
12300,9
12301,9
12302,3
12303,5
12304,3
12305,5
12306,5
12307,1
12308,4
12309,4
12310,5
12311,5
12312,1
12313,5
12314,5
12315,4
12316,5
12317,3
12318,5
12319,4
12320,4
12321,3
12322,5
12323,4
12324,5
12325,5
12326,5
12327,4
12328,5
12329,5
12330,5
12331,5
12332,5
12333,5
12334,5
12335,5
12336,4
12337,5
12338,4
12339,5
12340,4
12341,5
12342,4
12343,5
12344,4
12345,1
12346,5
12347,7
12348,4
12349,4
12350,4
12351,5
12352,4
12353,4
12354,4
12355,5
12356,4
12357,5
12358,5
12359,5
12360,5
12361,4
12362,4
12363,4
12364,3
12365,4
12366,3
12367,5
12368,1
12369,4
12370,4
12371,4
12372,3
12373,5
12374,3
12375,5
12376,5
12377,3
12378,5
12379,5
12380,5
12381,3
12382,1
12383,4
12384,4
12385,5
12386,5
12387,5
12388,5
12389,1
12390,3
12391,5
12392,4
12393,5
12394,5
12395,5
12396,1
12397,5
12398,5
12399,3
12400,5
12401,1
12402,3
12403,1
12404,3
12405,3
12406,3
12407,3
12408,4
12409,3
12410,5
12411,2
12412,5
12413,5
12414,4
12415,3
12416,4
12417,1
12418,1
12419,1
12420,5
12421,1
12422,5
12423,1
12424,1
12425,1
12426,1
12427,7
12428,1
12429,5
12430,1
12431,1
12432,5
12433,5
12434,1
12435,4
12436,1
12437,1
12438,5
12439,4
12440,5
12441,1
12442,4
12443,5
12444,4
12445,1
12446,4
12447,1
12448,1
12449,4
12450,7
12451,4
12452,5
12453,1
12454,1
12455,7
12456,1
12457,1
12458,4
12459,4
12460,4
12461,5
12462,4
12463,4
12464,1
12465,7
12466,5
12467,1
12468,5
12469,5
12470,4
12471,4
12472,9
12473,1
12474,4
12475,5
12476,4
12477,4
12478,4
12479,5
12480,4
12481,4
12482,1
12483,4
12484,1
12485,9
12486,4
12487,9
12488,4
12489,1
12490,1
12491,4
12492,5
12493,1
12494,1
12495,4
12496,4
12497,3
12498,1
12499,5
12500,4
12501,9
12502,3
12503,4
12504,4
12505,3
12506,3
12507,4
12508,3
12509,5
12510,1
12511,1
12512,9
12513,1
12514,4
12515,3
12516,4
12517,3
12518,3
12519,4
12520,1
12521,5
12522,9
12523,1
12524,1
12525,5
12526,4
12527,5
12528,5
12529,4
12530,5
12531,5
12532,9
12533,4
12534,4
12535,4
12536,5
12537,1
12538,4
12539,5
12540,1
12541,4
12542,4
12543,5
12544,7
12545,4
12546,5
12547,1
12548,7
12549,4
12550,5
12551,5
12552,1
12553,7
12554,1
12555,1
12556,3
12557,1
12558,4
12559,4
12560,1
12561,4
12562,4
12563,3
12564,1
12565,4
12566,4
12567,3
12568,4
12569,4
12570,4
12571,1
12572,1
12573,1
12574,1
12575,1
12576,1
12577,1
12578,1
12579,1
12580,1
12581,1
12582,1
12583,1
12584,1
12585,1
12586,1
12587,1
12588,1
12589,1
12590,1
12591,1
12592,1
12593,1
12594,1
12595,1
12596,1
12597,1
12598,1
12599,1
12600,1
12601,1
12602,1
12603,1
12604,1
12605,1
12606,1
12607,1
12608,1
12609,1
12610,1
12611,1
12612,1
12613,1
12614,1
12615,1
12616,1
12617,1
12618,1
12619,1
12620,1
12621,1
12622,1
12623,1
12624,1
12625,1
12626,1
12627,1
12628,1
12629,1
12630,1
12631,1
12632,1
12633,1
12634,1
12635,1
12636,1
12637,1
12638,1
12639,1
12640,1
12641,1
12642,1
12643,1
12644,1
12645,1
12646,1
12647,1
12648,1
12649,1
12650,1
12651,5
12652,1
12653,3
12654,1
12655,1
12656,1
12657,1
12658,5
12659,4
12660,1
12661,7
12662,4
12663,1
12664,1
12665,1
12666,1
12667,4
12668,1
12669,5
12670,1
12671,1
12672,1
12673,1
12674,1
12675,1
12676,5
12677,1
12678,1
12679,4
12680,1
12681,1
12682,1
12683,0
12684,5
12685,1
12686,0
12687,1
12688,1
12689,1
12690,0
12691,1
12692,1
12693,1
12694,0
12695,5
12696,1
12697,1
12698,5
12699,4
12700,1
12701,1
12702,5
12703,1
12704,1
12705,5
12706,5
12707,5
12708,5
12709,4
12710,5
12711,5
12712,4
12713,5
12714,4
12715,5
12716,5
12717,5
12718,5
12719,5
12720,5
12721,4
12722,5
12723,5
12724,5
12725,5
12726,1
12727,1
12728,5
12729,1
12730,9
12731,7
12732,9
12733,1
12734,7
12735,7
12736,9
12737,7
12738,1
12739,1
12740,1
12741,1
12742,1
12743,7
12744,9
12745,1
12746,9
12747,3
12748,4
12749,5
12750,1
12751,1
12752,1
12753,5
12754,7
12755,5
12756,5
12757,4
12758,1
12759,1
12760,1
12761,1
12762,1
12763,5
12764,1
12765,1
12766,1
12767,4
12768,5
12769,5
12770,5
12771,5
12772,1
12773,4
12774,4
12775,5
12776,3
12777,1
12778,5
12779,3
12780,1
12781,5
12782,4
12783,1
12784,5
12785,5
12786,5
12787,1
12788,5
12789,5
12790,1
12791,1
12792,1
12793,1
12794,1
12795,1
12796,1
12797,1
12798,1
12799,1
12800,1
12801,1
12802,1
12803,1
12804,1
12805,1
12806,1
12807,1
12808,1
12809,1
12810,1
12811,1
12812,1
12813,1
12814,1
12815,1
12816,1
12817,1
12818,1
12819,1
12820,1
12821,1
12822,1
12823,1
12824,1
12825,1
12826,1
12827,1
12828,1
12829,1
12830,1
12831,1
12832,1
12833,1
12834,1
12835,1
12836,1
12837,1
12838,1
12839,1
12840,1
12841,1
12842,1
12843,1
12844,1
12845,1
12846,1
12847,1
12848,1
12849,1
12850,1
12851,1
12852,1
12853,1
12854,1
12855,1
12856,1
12857,1
12858,1
12859,1
12860,1
12861,1
12862,1
12863,1
12864,1
12865,1
12866,1
12867,5
12868,5
12869,4
12870,1
12871,1
12872,5
12873,1
12874,4
12875,1
12876,1
12877,1
12878,5
12879,1
12880,4
12881,5
12882,5
12883,4
12884,7
12885,4
12886,5
12887,1
12888,4
12889,1
12890,5
12891,1
12892,1
12893,1
12894,1
12895,7
12896,4
12897,5
12898,1
12899,1
12900,1
12901,5
12902,0
12903,1
12904,5
12905,4
12906,4
12907,3
12908,0
12909,5
12910,5
12911,1
12912,5
12913,4
12914,5
12915,5
12916,5
12917,1
12918,4
12919,1
12920,5
12921,1
12922,1
12923,4
12924,5
12925,5
12926,5
12927,1
12928,5
12929,1
12930,5
12931,5
12932,4
12933,0
12934,1
12935,1
12936,0
12937,0
12938,5
12939,1
12940,3
12941,0
12942,3
12943,5
12944,1
12945,1
12946,1
12947,1
12948,1
12949,1
12950,1
12951,1
12952,1
12953,4
12954,1
12955,9
12956,1
12957,1
12958,1
12959,5
12960,4
12961,1
12962,1
12963,1
12964,4
12965,1
12966,5
12967,1
12968,3
12969,5
12970,4
12971,4
12972,1
12973,7
12974,4
12975,3
12976,4
12977,4
12978,4
12979,4
12980,5
12981,1
12982,5
12983,5
12984,3
12985,3
12986,5
12987,5
12988,4
12989,1
12990,5
12991,4
12992,4
12993,4
12994,4
12995,4
12996,9
12997,3
12998,3
12999,4
13000,3
13001,5
13002,1
13003,1
13004,1
13005,1
13006,1
13007,1
13008,1
13009,1
13010,1
13011,1
13012,1
13013,1
13014,1
13015,1
13016,1
13017,1
13018,1
13019,1
13020,1
13021,1
13022,1
13023,1
13024,1
13025,1
13026,1
13027,1
13028,1
13029,1
13030,1
13031,1
13032,1
13033,1
13034,1
13035,1
13036,1
13037,1
13038,1
13039,1
13040,1
13041,1
13042,1
13043,1
13044,1
13045,1
13046,1
13047,1
13048,1
13049,1
13050,1
13051,1
13052,1
13053,1
13054,1
13055,1
13056,1
13057,1
13058,1
13059,1
13060,1
13061,1
13062,1
13063,1
13064,1
13065,1
13066,1
13067,1
13068,1
13069,1
13070,1
13071,1
13072,1
13073,1
13074,1
13075,1
13076,1
13077,1
13078,4
13079,1
13080,1
13081,1
13082,1
13083,1
13084,1
13085,1
13086,1
13087,1
13088,1
13089,1
13090,5
13091,5
13092,1
13093,1
13094,1
13095,1
13096,1
13097,1
13098,1
13099,1
13100,1
13101,1
13102,4
13103,1
13104,4
13105,1
13106,1
13107,1
13108,4
13109,1
13110,1
13111,1
13112,1
13113,1
13114,1
13115,1
13116,5
13117,1
13118,1
13119,1
13120,1
13121,1
13122,5
13123,7
13124,5
13125,4
13126,1
13127,1
13128,1
13129,5
13130,1
13131,5
13132,4
13133,5
13134,5
13135,5
13136,1
13137,1
13138,5
13139,4
13140,5
13141,1
13142,1
13143,4
13144,1
13145,3
13146,9
13147,4
13148,3
13149,7
13150,3
13151,7
13152,4
13153,5
13154,5
13155,3
13156,1
13157,1
13158,1
13159,5
13160,1
13161,1
13162,7
13163,4
13164,4
13165,5
13166,4
13167,0
13168,1
13169,0
13170,1
13171,0
13172,1
13173,1
13174,0
13175,1
13176,1
13177,1
13178,1
13179,1
13180,3
13181,1
13182,1
13183,1
13184,1
13185,0
13186,5
13187,1
13188,0
13189,0
13190,5
13191,1
13192,1
13193,1
13194,1
13195,1
13196,1
13197,4
13198,1
13199,1
13200,1
13201,1
13202,4
13203,4
13204,3
13205,3
13206,4
13207,3
13208,3
13209,3
13210,5
13211,1
13212,5
13213,1
13214,3
13215,3
13216,1
13217,1
13218,3
13219,3
13220,3
13221,5
13222,4
13223,4
13224,1
13225,4
13226,4
13227,4
13228,4
13229,4
13230,4
13231,1
13232,4
13233,4
13234,4
13235,5
13236,5
13237,4
13238,4
13239,5
13240,4
13241,3
13242,1
13243,1
13244,1
13245,1
13246,1
13247,1
13248,1
13249,1
13250,1
13251,1
13252,1
13253,1
13254,1
13255,1
13256,1
13257,1
13258,1
13259,1
13260,1
13261,1
13262,1
13263,1
13264,1
13265,1
13266,1
13267,1
13268,1
13269,1
13270,1
13271,1
13272,1
13273,1
13274,1
13275,3
13276,1
13277,1
13278,1
13279,1
13280,1
13281,1
13282,4
13283,1
13284,5
13285,4
13286,4
13287,9
13288,4
13289,5
13290,5
13291,5
13292,1
13293,5
13294,3
13295,4
13296,4
13297,4
13298,5
13299,4
13300,5
13301,4
13302,5
13303,1
13304,1
13305,1
13306,1
13307,1
13308,1
13309,5
13310,1
13311,1
13312,1
13313,1
13314,1
13315,9
13316,1
13317,5
13318,1
13319,1
13320,1
13321,1
13322,1
13323,1
13324,1
13325,1
13326,1
13327,1
13328,1
13329,7
13330,4
13331,2
13332,1
13333,1
13334,1
13335,1
13336,1
13337,4
13338,1
13339,5
13340,5
13341,1
13342,1
13343,0
13344,1
13345,1
13346,4
13347,1
13348,5
13349,5
13350,4
13351,4
13352,4
13353,4
13354,4
13355,9
13356,4
13357,4
13358,5
13359,4
13360,4
13361,4
13362,5
13363,5
13364,7
13365,4
13366,5
13367,5
13368,5
13369,1
13370,0
13371,1
13372,1
13373,0
13374,0
13375,1
13376,1
13377,1
13378,1
13379,5
13380,1
13381,1
13382,4
13383,1
13384,1
13385,1
13386,1
13387,1
13388,1
13389,1
13390,4
13391,1
13392,1
13393,1
13394,1
13395,5
13396,9
13397,1
13398,1
13399,9
13400,0
13401,0
13402,0
13403,1
13404,1
13405,1
13406,5
13407,9
13408,1
13409,1
13410,1
13411,1
13412,1
13413,1
13414,1
13415,1
13416,1
13417,1
13418,1
13419,1
13420,3
13421,5
13422,5
13423,5
13424,1
13425,9
13426,9
13427,5
13428,0
13429,4
13430,1
13431,1
13432,5
13433,1
13434,1
13435,5
13436,1
13437,1
13438,1
13439,1
13440,1
13441,1
13442,9
13443,1
13444,1
13445,1
13446,3
13447,1
13448,1
13449,4
13450,1
13451,1
13452,4
13453,4
13454,4
13455,1
13456,1
13457,1
13458,0
13459,1
13460,1
13461,1
13462,1
13463,1
13464,1
13465,0
13466,1
13467,0
13468,0
13469,0
13470,5
13471,1
13472,0
13473,1
13474,1
13475,3
13476,1
13477,0
13478,1
13479,3
13480,3
13481,2
13482,3
13483,4
13484,4
13485,4
13486,4
13487,4
13488,3
13489,4
13490,4
13491,4
13492,5
13493,7
13494,4
13495,4
13496,4
13497,4
13498,4
13499,0
13500,1
13501,4
13502,0
13503,0
13504,1
13505,5
13506,1
13507,1
13508,0
13509,1
13510,1
13511,1
13512,0
13513,0
13514,1
13515,3
13516,1
13517,3
13518,0
13519,1
13520,1
13521,1
13522,1
13523,4
13524,2
13525,1
13526,1
13527,4
13528,1
13529,1
13530,0
13531,0
13532,1
13533,0
13534,3
13535,1
13536,0
13537,1
13538,0
13539,1
13540,0
13541,1
13542,1
13543,1
13544,3
13545,2
13546,1
13547,1
13548,0
13549,1
13550,1
13551,1
13552,1
13553,1
13554,1
13555,1
13556,0
13557,1
13558,0
13559,1
13560,1
13561,1
13562,4
13563,1
13564,1
13565,0
13566,1
13567,3
13568,1
13569,1
13570,1
13571,1
13572,1
13573,1
13574,3
13575,1
13576,5
13577,1
13578,5
13579,4
13580,5
13581,4
13582,4
13583,3
13584,4
13585,5
13586,3
13587,5
13588,5
13589,5
13590,4
13591,4
13592,5
13593,4
13594,5
13595,5
13596,5
13597,5
13598,5
13599,4
13600,5
13601,5
13602,4
13603,4
13604,4
13605,4
13606,4
13607,4
13608,4
13609,1
13610,1
13611,5
13612,4
13613,4
13614,5
13615,4
13616,4
13617,5
13618,4
13619,5
13620,4
13621,4
13622,4
13623,4
